3.125,0
6.25,0.0407259658232331
9.375,0.0786908492177725
12.5,0.0731686843603849
15.625,0.0103540591076016
18.75,0.0448675894662738
21.875,0.029681636108458
25,0.0151859533578157
28.125,0.0289913655012846
31.25,0.0372746127873659
34.375,0.0338232597514987
37.5,0.0193275770008564
40.625,0.00207081182152033
43.75,0.0200178476080298
46.875,0.0372746127873659
50,0.0289913655012846
53.125,0.0227789300367236
56.25,0.0289913655012846
59.375,0.00759297667890787
62.5,0.012424870929122
65.625,0.0227789300367236
68.75,0.0248497418582439
71.875,0.0276108242869377
75,0.0207081182152033
78.125,0.0234692006438971
81.25,0.0172567651793361
84.375,0.00138054121434689
87.5,0.0172567651793361
90.625,0.0289913655012846
93.75,0.0262302830725908
96.875,0.0138054121434689
100,0.00759297667890787
103.125,0.0131151415362954
106.25,0.00345135303586721
109.375,0.0117346003219485
112.5,0.0241594712510705
115.625,0.0276108242869377
118.75,0.0227789300367236
121.875,0.0179470357865095
125,0.0179470357865095
128.125,0.0103540591076016
131.25,0.0144956827506423
134.375,0.0138054121434689
137.5,0.0151859533578157
140.625,0.0179470357865095
143.75,0.0048318942502141
146.875,0.0352038009658456
150,0.0441773188591003
153.125,0.0331329891443253
156.25,0.0248497418582439
159.375,0.0317524479299784
162.5,0.0234692006438971
165.625,0.0138054121434689
168.75,0.0096637885004282
171.875,0.0207081182152033
175,0.012424870929122
178.125,0.0434870482519269
181.25,0.0386551540017128
184.375,0.0241594712510705
187.5,0.0324427185371518
190.625,0.0207081182152033
193.75,0.0131151415362954
196.875,0.0165664945721626
200,0.0200178476080298
203.125,0.0158762239649892
206.25,0.00828324728608131
209.375,0.0048318942502141
212.5,0.0096637885004282
215.625,0.0193275770008564
218.75,0.0220886594295502
221.875,0.018637306393683
225,0.012424870929122
228.125,0.012424870929122
231.25,0.00690270607173443
234.375,0.00345135303586721
237.5,0.00414162364304066
240.625,0.0220886594295502
243.75,0.0345135303586721
246.875,0.0655757076814771
250,0.0924962613612413
253.125,0.0766200373962522
256.25,0.0200178476080298
259.375,0.0048318942502141
262.5,0.0200178476080298
265.625,0.0200178476080298
268.75,0.0213983888223767
271.875,0.00414162364304066
275,0.018637306393683
278.125,0.0317524479299784
281.25,0.0407259658232331
284.375,0.0248497418582439
287.5,0.012424870929122
290.625,0.0220886594295502
293.75,0.0172567651793361
296.875,0.0144956827506423
300,0.00759297667890787
303.125,0.00759297667890787
306.25,0.012424870929122
309.375,0.0255400124654174
312.5,0.0165664945721626
315.625,0.00897351789325476
318.75,0.0172567651793361
321.875,0.0103540591076016
325,0.0117346003219485
328.125,0.0207081182152033
331.25,0.0241594712510705
334.375,0.0234692006438971
337.5,0.0172567651793361
340.625,0.0151859533578157
343.75,0.0172567651793361
346.875,0.0372746127873659
350,0.0317524479299784
353.125,0.00414162364304066
356.25,0.0441773188591003
359.375,0.0731686843603849
362.5,0.0455578600734472
365.625,0.0158762239649892
368.75,0.012424870929122
371.875,0.012424870929122
375,0.0172567651793361
378.125,0.0165664945721626
381.25,0.0131151415362954
384.375,0.0144956827506423
387.5,0.0158762239649892
390.625,0.012424870929122
393.75,0.00897351789325476
396.875,0.00690270607173443
400,0.0131151415362954
403.125,0.0172567651793361
406.25,0.00552216485738754
409.375,0.00138054121434689
412.5,0.00897351789325476
415.625,0.0158762239649892
418.75,0.0200178476080298
421.875,0.0276108242869377
425,0.0276108242869377
428.125,0.0110443297147751
431.25,0.00759297667890787
434.375,0.0220886594295502
437.5,0.0158762239649892
440.625,0.00690270607173443
443.75,0.0103540591076016
446.875,0.0172567651793361
450,0.0289913655012846
453.125,0.0144956827506423
456.25,0.00345135303586721
459.375,0.0096637885004282
462.5,0.0248497418582439
465.625,0.0455578600734472
468.75,0.0213983888223767
471.875,0.0213983888223767
475,0.0455578600734472
478.125,0.0310621773228049
481.25,0.012424870929122
484.375,0.0227789300367236
487.5,0.0172567651793361
490.625,0.0131151415362954
493.75,0.0138054121434689
496.875,0.0131151415362954
500,0.0117346003219485
503.125,0.00207081182152033
506.25,0.0220886594295502
509.375,0.0352038009658456
512.5,0.0255400124654174
515.625,0.0207081182152033
518.75,0.0172567651793361
521.875,0.00621243546456098
525,0.0103540591076016
528.125,0.012424870929122
531.25,0.0048318942502141
534.375,0.00621243546456098
537.5,0.0103540591076016
540.625,0.00414162364304066
543.75,0.0110443297147751
546.875,0.0234692006438971
550,0.0207081182152033
553.125,0.0165664945721626
556.25,0.0165664945721626
559.375,0.0110443297147751
562.5,0.00828324728608131
565.625,0.00759297667890787
568.75,0.00897351789325476
571.875,0.0117346003219485
575,0.0110443297147751
578.125,0.0096637885004282
581.25,0.0103540591076016
584.375,0.00759297667890787
587.5,0.00621243546456098
590.625,0.00621243546456098
593.75,0.00414162364304066
596.875,0.00414162364304066
600,0.012424870929122
603.125,0.0151859533578157
606.25,0.0103540591076016
609.375,0.00207081182152033
612.5,0.0138054121434689
615.625,0.0131151415362954
618.75,0.0103540591076016
621.875,0.00552216485738754
625,0.00759297667890787
628.125,0.0213983888223767
631.25,0.0276108242869377
634.375,0.0172567651793361
637.5,0.00690270607173443
640.625,0.00621243546456098
643.75,0.00621243546456098
646.875,0.0103540591076016
650,0.0138054121434689
653.125,0.00828324728608131
656.25,0.00414162364304066
659.375,0.0151859533578157
662.5,0.0200178476080298
665.625,0.00621243546456098
668.75,0.00552216485738754
671.875,0.0110443297147751
675,0.00828324728608131
678.125,0.00138054121434689
681.25,0.00759297667890787
684.375,0.012424870929122
687.5,0.00759297667890787
690.625,0.0048318942502141
693.75,0.00414162364304066
696.875,0.0165664945721626
700,0.0200178476080298
703.125,0.0103540591076016
706.25,0.00759297667890787
709.375,0.0158762239649892
712.5,0.0172567651793361
715.625,0.0138054121434689
718.75,0.0131151415362954
721.875,0.0179470357865095
725,0.0227789300367236
728.125,0.0193275770008564
731.25,0.0096637885004282
734.375,0.018637306393683
737.5,0.0213983888223767
740.625,0.0165664945721626
743.75,0.0131151415362954
746.875,0.00552216485738754
750,0.0048318942502141
753.125,0.0096637885004282
756.25,0.00690270607173443
759.375,0.0048318942502141
762.5,0.00828324728608131
765.625,0.00828324728608131
768.75,0.0138054121434689
771.875,0.0117346003219485
775,0.0048318942502141
778.125,0.00828324728608131
781.25,0.0131151415362954
784.375,0.012424870929122
787.5,0.00276108242869377
790.625,0.0151859533578157
793.75,0.0193275770008564
796.875,0.0158762239649892
800,0.0048318942502141
803.125,0.00690270607173443
806.25,0.00552216485738754
809.375,0.00276108242869377
812.5,0.0048318942502141
815.625,0.00690270607173443
818.75,0.0110443297147751
821.875,0.00897351789325476
825,0.0103540591076016
828.125,0.0144956827506423
831.25,0.00828324728608131
834.375,0.012424870929122
837.5,0.0117346003219485
840.625,0.00552216485738754
843.75,0.0110443297147751
846.875,0.00828324728608131
850,0.0117346003219485
853.125,0.0151859533578157
856.25,0.00759297667890787
859.375,0.0096637885004282
862.5,0.018637306393683
865.625,0.0193275770008564
868.75,0.0096637885004282
871.875,0.00552216485738754
875,0.0096637885004282
878.125,0.0165664945721626
881.25,0.018637306393683
884.375,0.0172567651793361
887.5,0.00276108242869377
890.625,0.0207081182152033
893.75,0.0276108242869377
896.875,0.0144956827506423
900,0.00897351789325476
903.125,0.0165664945721626
906.25,0.012424870929122
909.375,0.00621243546456098
912.5,0.0110443297147751
915.625,0.0048318942502141
918.75,0.0103540591076016
921.875,0.0234692006438971
925,0.0138054121434689
928.125,0.00621243546456098
931.25,0.0200178476080298
934.375,0.0165664945721626
937.5,0.012424870929122
940.625,0.0144956827506423
943.75,0.0110443297147751
946.875,0.0131151415362954
950,0.0158762239649892
953.125,0.0193275770008564
956.25,0.0138054121434689
959.375,0.0138054121434689
962.5,0.018637306393683
965.625,0.0138054121434689
968.75,0.00552216485738754
971.875,0.0117346003219485
975,0.00759297667890787
978.125,0.00552216485738754
981.25,0.0138054121434689
984.375,0.0096637885004282
987.5,0.00207081182152033
990.625,0.0131151415362954
993.75,0.018637306393683
996.875,0.00828324728608131
1000,0.00690270607173443
1003.125,0.0117346003219485
1006.25,0.012424870929122
1009.375,0.0096637885004282
1012.5,0.00552216485738754
1015.625,0.00414162364304066
1018.75,0.00345135303586721
1021.875,0.00690270607173443
1025,0.00897351789325476
1028.125,0.0103540591076016
1031.25,0.0117346003219485
1034.375,0.0144956827506423
1037.5,0.0179470357865095
1040.625,0.0200178476080298
1043.75,0.0172567651793361
1046.875,0.0144956827506423
1050,0.0103540591076016
1053.125,0.00828324728608131
1056.25,0.00759297667890787
1059.375,0.00552216485738754
1062.5,0.00414162364304066
1065.625,0.00897351789325476
1068.75,0.0096637885004282
1071.875,0.0110443297147751
1075,0.00690270607173443
1078.125,0.0096637885004282
1081.25,0.0131151415362954
1084.375,0.00552216485738754
1087.5,0.00414162364304066
1090.625,0.00414162364304066
1093.75,0.00207081182152033
1096.875,0.00897351789325476
1100,0.00759297667890787
1103.125,0.00759297667890787
1106.25,0.0158762239649892
1109.375,0.0207081182152033
1112.5,0.0172567651793361
1115.625,0.00552216485738754
1118.75,0.00345135303586721
1121.875,0.000690270607173443
1125,0.00414162364304066
1128.125,0.0110443297147751
1131.25,0.018637306393683
1134.375,0.0158762239649892
1137.5,0.0151859533578157
1140.625,0.0255400124654174
1143.75,0.0255400124654174
1146.875,0.00552216485738754
1150,0.012424870929122
1153.125,0.0179470357865095
1156.25,0.00414162364304066
1159.375,0.0103540591076016
1162.5,0.0110443297147751
1165.625,0.0110443297147751
1168.75,0.012424870929122
1171.875,0.0103540591076016
1175,0.00276108242869377
1178.125,0.0110443297147751
1181.25,0.0131151415362954
1184.375,0.0110443297147751
1187.5,0.00138054121434689
1190.625,0.0131151415362954
1193.75,0.0179470357865095
1196.875,0.012424870929122
1200,0.0096637885004282
1203.125,0.0138054121434689
1206.25,0.0131151415362954
1209.375,0.00276108242869377
1212.5,0.0110443297147751
1215.625,0.0103540591076016
1218.75,0.00759297667890787
1221.875,0
1225,0.0048318942502141
1228.125,0.00414162364304066
1231.25,0.012424870929122
1234.375,0.0151859533578157
1237.5,0.0151859533578157
1240.625,0.00345135303586721
1243.75,0.0144956827506423
1246.875,0.0255400124654174
1250,0.018637306393683
1253.125,0.0048318942502141
1256.25,0.00552216485738754
1259.375,0.00552216485738754
1262.5,0.00690270607173443
1265.625,0.0151859533578157
1268.75,0.0179470357865095
1271.875,0.0110443297147751
1275,0.00759297667890787
1278.125,0.00138054121434689
1281.25,0.000690270607173443
1284.375,0.0048318942502141
1287.5,0.00897351789325476
1290.625,0.0172567651793361
1293.75,0.0200178476080298
1296.875,0.00621243546456098
1300,0.00828324728608131
1303.125,0.0151859533578157
1306.25,0.00690270607173443
1309.375,0.00552216485738754
1312.5,0.00207081182152033
1315.625,0.00414162364304066
1318.75,0.00828324728608131
1321.875,0.0103540591076016
1325,0.0179470357865095
1328.125,0.0165664945721626
1331.25,0.00897351789325476
1334.375,0.0144956827506423
1337.5,0.012424870929122
1340.625,0.00897351789325476
1343.75,0.00552216485738754
1346.875,0.00138054121434689
1350,0.00621243546456098
1353.125,0.00759297667890787
1356.25,0.00897351789325476
1359.375,0.00828324728608131
1362.5,0.00414162364304066
1365.625,0.00621243546456098
1368.75,0.00897351789325476
1371.875,0.00759297667890787
1375,0.00414162364304066
1378.125,0.00345135303586721
1381.25,0.0103540591076016
1384.375,0.00828324728608131
1387.5,0.00414162364304066
1390.625,0.0096637885004282
1393.75,0.00897351789325476
1396.875,0.00897351789325476
1400,0.012424870929122
1403.125,0.00828324728608131
1406.25,0.00690270607173443
1409.375,0.0103540591076016
1412.5,0.0117346003219485
1415.625,0.00828324728608131
1418.75,0.00759297667890787
1421.875,0.00621243546456098
1425,0.00828324728608131
1428.125,0.0103540591076016
1431.25,0.0096637885004282
1434.375,0.00207081182152033
1437.5,0.0110443297147751
1440.625,0.012424870929122
1443.75,0.0110443297147751
1446.875,0.00552216485738754
1450,0.00897351789325476
1453.125,0.0131151415362954
1456.25,0.0096637885004282
1459.375,0.0110443297147751
1462.5,0.0103540591076016
1465.625,0.012424870929122
1468.75,0.00759297667890787
1471.875,0.0048318942502141
1475,0.00414162364304066
1478.125,0.00690270607173443
1481.25,0.0110443297147751
1484.375,0.0131151415362954
1487.5,0.0103540591076016
1490.625,0.0117346003219485
1493.75,0.0117346003219485
1496.875,0.0138054121434689
1500,0.00828324728608131
1503.125,0.00552216485738754
1506.25,0.00621243546456098
1509.375,0.0117346003219485
1512.5,0.0110443297147751
1515.625,0.0096637885004282
1518.75,0.00414162364304066
1521.875,0.012424870929122
1525,0.012424870929122
1528.125,0.00828324728608131
1531.25,0.00207081182152033
1534.375,0.00276108242869377
1537.5,0.00207081182152033
1540.625,0.00690270607173443
1543.75,0.00414162364304066
1546.875,0.00414162364304066
1550,0.00897351789325476
1553.125,0.0096637885004282
1556.25,0.00345135303586721
1559.375,0.00207081182152033
1562.5,0.00207081182152033
1565.625,0.00897351789325476
1568.75,0.0103540591076016
1571.875,0.0103540591076016
1575,0.00690270607173443
1578.125,0.00621243546456098
1581.25,0.00690270607173443
1584.375,0.00690270607173443
1587.5,0.0048318942502141
1590.625,0.00552216485738754
1593.75,0.0048318942502141
1596.875,0.00345135303586721
1600,0.00759297667890787
1603.125,0.00828324728608131
1606.25,0.0048318942502141
1609.375,0.00759297667890787
1612.5,0.00345135303586721
1615.625,0.00414162364304066
1618.75,0.00207081182152033
1621.875,0.00552216485738754
1625,0.0048318942502141
1628.125,0.00690270607173443
1631.25,0.00552216485738754
1634.375,0.00621243546456098
1637.5,0.00207081182152033
1640.625,0.00759297667890787
1643.75,0.0110443297147751
1646.875,0.0131151415362954
1650,0.00552216485738754
1653.125,0.00552216485738754
1656.25,0.00759297667890787
1659.375,0.00690270607173443
1662.5,0.000690270607173443
1665.625,0.00207081182152033
1668.75,0.0048318942502141
1671.875,0.00690270607173443
1675,0.00897351789325476
1678.125,0.0131151415362954
1681.25,0.0110443297147751
1684.375,0.0138054121434689
1687.5,0.0117346003219485
1690.625,0.0103540591076016
1693.75,0.00207081182152033
1696.875,0.00621243546456098
1700,0.0096637885004282
1703.125,0.012424870929122
1706.25,0.00828324728608131
1709.375,0.0110443297147751
1712.5,0.0138054121434689
1715.625,0.0144956827506423
1718.75,0.00621243546456098
1721.875,0.00414162364304066
1725,0.00207081182152033
1728.125,0.00552216485738754
1731.25,0.00690270607173443
1734.375,0.00690270607173443
1737.5,0.00828324728608131
1740.625,0.0151859533578157
1743.75,0.0200178476080298
1746.875,0.0151859533578157
1750,0.00621243546456098
1753.125,0.00759297667890787
1756.25,0.012424870929122
1759.375,0.0117346003219485
1762.5,0.00621243546456098
1765.625,0.00690270607173443
1768.75,0.00759297667890787
1771.875,0.0117346003219485
1775,0.0131151415362954
1778.125,0.0096637885004282
1781.25,0.00828324728608131
1784.375,0.00690270607173443
1787.5,0.00759297667890787
1790.625,0.0096637885004282
1793.75,0.0103540591076016
1796.875,0.0103540591076016
1800,0.00621243546456098
1803.125,0.00621243546456098
1806.25,0.0048318942502141
1809.375,0.00759297667890787
1812.5,0.00552216485738754
1815.625,0.00621243546456098
1818.75,0.00552216485738754
1821.875,0.0096637885004282
1825,0.00552216485738754
1828.125,0.00621243546456098
1831.25,0.00276108242869377
1834.375,0.00621243546456098
1837.5,0.00552216485738754
1840.625,0.00552216485738754
1843.75,0
1846.875,0.00414162364304066
1850,0.00759297667890787
1853.125,0.0096637885004282
1856.25,0.00828324728608131
1859.375,0.0103540591076016
1862.5,0.0117346003219485
1865.625,0.0131151415362954
1868.75,0.0131151415362954
1871.875,0.0103540591076016
1875,0.0110443297147751
1878.125,0.0103540591076016
1881.25,0.012424870929122
1884.375,0.00828324728608131
1887.5,0.00690270607173443
1890.625,0.00897351789325476
1893.75,0.0151859533578157
1896.875,0.0117346003219485
1900,0.00759297667890787
1903.125,0.00828324728608131
1906.25,0.012424870929122
1909.375,0.00414162364304066
1912.5,0.00345135303586721
1915.625,0.00345135303586721
1918.75,0.00621243546456098
1921.875,0.0096637885004282
1925,0.00828324728608131
1928.125,0.00621243546456098
1931.25,0.0110443297147751
1934.375,0.0110443297147751
1937.5,0.0110443297147751
1940.625,0.00690270607173443
1943.75,0.0103540591076016
1946.875,0.00897351789325476
1950,0.0110443297147751
1953.125,0.00828324728608131
1956.25,0.00759297667890787
1959.375,0.0103540591076016
1962.5,0.0144956827506423
1965.625,0.0096637885004282
1968.75,0.00759297667890787
1971.875,0.00138054121434689
1975,0.00276108242869377
1978.125,0.00552216485738754
1981.25,0.00759297667890787
1984.375,0.00414162364304066
1987.5,0.0103540591076016
1990.625,0.0110443297147751
1993.75,0.0103540591076016
1996.875,0.00828324728608131
2000,0.0103540591076016
2003.125,0.012424870929122
2006.25,0.0131151415362954
2009.375,0.0048318942502141
2012.5,0.00345135303586721
2015.625,0.00552216485738754
2018.75,0.0110443297147751
2021.875,0.00759297667890787
2025,0.00690270607173443
2028.125,0.0096637885004282
2031.25,0.0117346003219485
2034.375,0.00690270607173443
2037.5,0.00759297667890787
2040.625,0.00828324728608131
2043.75,0.0158762239649892
2046.875,0.00897351789325476
2050,0.00621243546456098
2053.125,0.0110443297147751
2056.25,0.0158762239649892
2059.375,0.0103540591076016
2062.5,0.00690270607173443
2065.625,0.0096637885004282
2068.75,0.00897351789325476
2071.875,0.00414162364304066
2075,0.00621243546456098
2078.125,0.00552216485738754
2081.25,0.00759297667890787
2084.375,0.00138054121434689
2087.5,0.00207081182152033
2090.625,0.00138054121434689
2093.75,0.00345135303586721
2096.875,0.00759297667890787
2100,0.0103540591076016
2103.125,0.00759297667890787
2106.25,0.00552216485738754
2109.375,0.0096637885004282
2112.5,0.0131151415362954
2115.625,0.00690270607173443
2118.75,0.00207081182152033
2121.875,0.00552216485738754
2125,0.00345135303586721
2128.125,0.00345135303586721
2131.25,0.00414162364304066
2134.375,0.00828324728608131
2137.5,0.00828324728608131
2140.625,0.00552216485738754
2143.75,0.00345135303586721
2146.875,0.0048318942502141
2150,0.00414162364304066
2153.125,0.00414162364304066
2156.25,0.00621243546456098
2159.375,0.0048318942502141
2162.5,0.00621243546456098
2165.625,0.00828324728608131
2168.75,0.012424870929122
2171.875,0.0103540591076016
2175,0.0131151415362954
2178.125,0.0103540591076016
2181.25,0.00759297667890787
2184.375,0.00690270607173443
2187.5,0.0117346003219485
2190.625,0.0117346003219485
2193.75,0.00552216485738754
2196.875,0.00897351789325476
2200,0.00759297667890787
2203.125,0.00621243546456098
2206.25,0.00759297667890787
2209.375,0.0144956827506423
2212.5,0.0117346003219485
2215.625,0.012424870929122
2218.75,0.0117346003219485
2221.875,0.0131151415362954
2225,0.0110443297147751
2228.125,0.0131151415362954
2231.25,0.00828324728608131
2234.375,0.00897351789325476
2237.5,0.00759297667890787
2240.625,0.0138054121434689
2243.75,0.0151859533578157
2246.875,0.018637306393683
2250,0.0110443297147751
2253.125,0.0138054121434689
2256.25,0.029681636108458
2259.375,0.0283010948941112
2262.5,0.012424870929122
2265.625,0.0117346003219485
2268.75,0.0103540591076016
2271.875,0.00759297667890787
2275,0.00414162364304066
2278.125,0.00207081182152033
2281.25,0.00207081182152033
2284.375,0.00828324728608131
2287.5,0.00828324728608131
2290.625,0.00552216485738754
2293.75,0.00207081182152033
2296.875,0.00414162364304066
2300,0.0048318942502141
2303.125,0.0103540591076016
2306.25,0.00828324728608131
2309.375,0.00759297667890787
2312.5,0.00759297667890787
2315.625,0.00897351789325476
2318.75,0.00345135303586721
2321.875,0.00276108242869377
2325,0.00414162364304066
2328.125,0.00828324728608131
2331.25,0.00621243546456098
2334.375,0.0096637885004282
2337.5,0.0096637885004282
2340.625,0.0117346003219485
2343.75,0.0103540591076016
2346.875,0.0110443297147751
2350,0.0110443297147751
2353.125,0.0096637885004282
2356.25,0.00690270607173443
2359.375,0.00897351789325476
2362.5,0.00690270607173443
2365.625,0.00621243546456098
2368.75,0.00552216485738754
2371.875,0.00690270607173443
2375,0.00345135303586721
2378.125,0.00414162364304066
2381.25,0.0096637885004282
2384.375,0.00897351789325476
2387.5,0.00207081182152033
2390.625,0.00138054121434689
2393.75,0.0048318942502141
2396.875,0.00207081182152033
2400,0.00552216485738754
2403.125,0.00690270607173443
2406.25,0.0048318942502141
2409.375,0.00552216485738754
2412.5,0.00276108242869377
2415.625,0.00276108242869377
2418.75,0.00897351789325476
2421.875,0.012424870929122
2425,0.00690270607173443
2428.125,0.00690270607173443
2431.25,0.00552216485738754
2434.375,0.00414162364304066
2437.5,0.0048318942502141
2440.625,0.000690270607173443
2443.75,0.00414162364304066
2446.875,0.0131151415362954
2450,0.0096637885004282
2453.125,0.00552216485738754
2456.25,0.00345135303586721
2459.375,0.0110443297147751
2462.5,0.0117346003219485
2465.625,0.00138054121434689
2468.75,0.00690270607173443
2471.875,0.0048318942502141
2475,0.00759297667890787
2478.125,0.00828324728608131
2481.25,0.0048318942502141
2484.375,0.00828324728608131
2487.5,0.00690270607173443
2490.625,0.00759297667890787
2493.75,0.0138054121434689
2496.875,0.00345135303586721
2500,0.00759297667890787
2503.125,0.0496994837164879
2506.25,0.0662659782886505
2509.375,0.0352038009658456
2512.5,0.0131151415362954
2515.625,0.00759297667890787
2518.75,0.0096637885004282
2521.875,0.0165664945721626
2525,0.0207081182152033
2528.125,0.0207081182152033
2531.25,0.0144956827506423
2534.375,0.0110443297147751
2537.5,0.0151859533578157
2540.625,0.0144956827506423
2543.75,0.0117346003219485
2546.875,0.0117346003219485
2550,0.0138054121434689
2553.125,0.0151859533578157
2556.25,0.0131151415362954
2559.375,0.00207081182152033
2562.5,0.0144956827506423
2565.625,0.012424870929122
2568.75,0.012424870929122
2571.875,0.0117346003219485
2575,0.0131151415362954
2578.125,0.0131151415362954
2581.25,0.0103540591076016
2584.375,0.012424870929122
2587.5,0.0172567651793361
2590.625,0.0172567651793361
2593.75,0.0179470357865095
2596.875,0.0103540591076016
2600,0.00690270607173443
2603.125,0.00828324728608131
2606.25,0.0117346003219485
2609.375,0.0103540591076016
2612.5,0.00621243546456098
2615.625,0.00276108242869377
2618.75,0.0117346003219485
2621.875,0.0096637885004282
2625,0.00621243546456098
2628.125,0.00759297667890787
2631.25,0.012424870929122
2634.375,0.00690270607173443
2637.5,0.00207081182152033
2640.625,0.00345135303586721
2643.75,0.00897351789325476
2646.875,0.00552216485738754
2650,0.00828324728608131
2653.125,0.0048318942502141
2656.25,0.00690270607173443
2659.375,0.00621243546456098
2662.5,0.0110443297147751
2665.625,0.00897351789325476
2668.75,0.00414162364304066
2671.875,0.00345135303586721
2675,0.0096637885004282
2678.125,0.0117346003219485
2681.25,0.0117346003219485
2684.375,0.0096637885004282
2687.5,0.0158762239649892
2690.625,0.0138054121434689
2693.75,0.0144956827506423
2696.875,0.00828324728608131
2700,0.00897351789325476
2703.125,0.00621243546456098
2706.25,0.00828324728608131
2709.375,0.012424870929122
2712.5,0.0200178476080298
2715.625,0.0165664945721626
2718.75,0.0103540591076016
2721.875,0.00897351789325476
2725,0.0138054121434689
2728.125,0.00621243546456098
2731.25,0.00552216485738754
2734.375,0.0131151415362954
2737.5,0.0110443297147751
2740.625,0.0103540591076016
2743.75,0.0179470357865095
2746.875,0.0179470357865095
2750,0.0138054121434689
2753.125,0.00828324728608131
2756.25,0.0131151415362954
2759.375,0.0117346003219485
2762.5,0.0131151415362954
2765.625,0.0172567651793361
2768.75,0.0262302830725908
2771.875,0.0241594712510705
2775,0.0172567651793361
2778.125,0.0144956827506423
2781.25,0.0234692006438971
2784.375,0.0213983888223767
2787.5,0.012424870929122
2790.625,0.00414162364304066
2793.75,0.0138054121434689
2796.875,0.0227789300367236
2800,0.0276108242869377
2803.125,0.0200178476080298
2806.25,0.0117346003219485
2809.375,0.0207081182152033
2812.5,0.0234692006438971
2815.625,0.018637306393683
2818.75,0.0158762239649892
2821.875,0.0144956827506423
2825,0.0179470357865095
2828.125,0.0144956827506423
2831.25,0.0158762239649892
2834.375,0.0207081182152033
2837.5,0.0317524479299784
2840.625,0.0283010948941112
2843.75,0.0144956827506423
2846.875,0.00759297667890787
2850,0.012424870929122
2853.125,0.0131151415362954
2856.25,0.0144956827506423
2859.375,0.0158762239649892
2862.5,0.0131151415362954
2865.625,0.0096637885004282
2868.75,0.0144956827506423
2871.875,0.0131151415362954
2875,0.00759297667890787
2878.125,0.00414162364304066
2881.25,0.0048318942502141
2884.375,0.00828324728608131
2887.5,0.00345135303586721
2890.625,0.00621243546456098
2893.75,0.00207081182152033
2896.875,0.00276108242869377
2900,0.00414162364304066
2903.125,0.00759297667890787
2906.25,0.00759297667890787
2909.375,0.0117346003219485
2912.5,0.0131151415362954
2915.625,0.00828324728608131
2918.75,0.00621243546456098
2921.875,0.012424870929122
2925,0.00897351789325476
2928.125,0.00897351789325476
2931.25,0.0096637885004282
2934.375,0.00414162364304066
2937.5,0.00828324728608131
2940.625,0.0179470357865095
2943.75,0.0179470357865095
2946.875,0.0165664945721626
2950,0.00759297667890787
2953.125,0.00345135303586721
2956.25,0.00759297667890787
2959.375,0.0151859533578157
2962.5,0.0172567651793361
2965.625,0.0179470357865095
2968.75,0.0234692006438971
2971.875,0.029681636108458
2975,0.018637306393683
2978.125,0.0103540591076016
2981.25,0.00690270607173443
2984.375,0.018637306393683
2987.5,0.0331329891443253
2990.625,0.0331329891443253
2993.75,0.0220886594295502
2996.875,0.0234692006438971
3000,0.0400356952160597
3003.125,0.0338232597514987
3006.25,0.0151859533578157
3009.375,0.0234692006438971
3012.5,0.0227789300367236
3015.625,0.0200178476080298
3018.75,0.0117346003219485
3021.875,0.0048318942502141
3025,0.00828324728608131
3028.125,0.0172567651793361
3031.25,0.0179470357865095
3034.375,0.0172567651793361
3037.5,0.0193275770008564
3040.625,0.0213983888223767
3043.75,0.0165664945721626
3046.875,0.0165664945721626
3050,0.0234692006438971
3053.125,0.0283010948941112
3056.25,0.0227789300367236
3059.375,0.0303719067156315
3062.5,0.0365843421801925
3065.625,0.029681636108458
3068.75,0.018637306393683
3071.875,0.0234692006438971
3075,0.0165664945721626
3078.125,0.0096637885004282
3081.25,0.0158762239649892
3084.375,0.018637306393683
3087.5,0.0151859533578157
3090.625,0.0144956827506423
3093.75,0.0048318942502141
3096.875,0.00621243546456098
3100,0.0138054121434689
3103.125,0.0213983888223767
3106.25,0.0172567651793361
3109.375,0.018637306393683
3112.5,0.00897351789325476
3115.625,0.0158762239649892
3118.75,0.0255400124654174
3121.875,0.0255400124654174
3125,0.0131151415362954
3128.125,0.00207081182152033
3131.25,0.00621243546456098
3134.375,0.00690270607173443
3137.5,0.00759297667890787
3140.625,0.00828324728608131
3143.75,0.00759297667890787
3146.875,0.0151859533578157
3150,0.0234692006438971
3153.125,0.0248497418582439
3156.25,0.012424870929122
3159.375,0.0310621773228049
3162.5,0.0414162364304066
3165.625,0.0220886594295502
3168.75,0.0138054121434689
3171.875,0.0269205536797643
3175,0.0200178476080298
3178.125,0.0213983888223767
3181.25,0.0151859533578157
3184.375,0.00759297667890787
3187.5,0.0165664945721626
3190.625,0.0200178476080298
3193.75,0.0289913655012846
3196.875,0.0303719067156315
3200,0.0207081182152033
3203.125,0.0193275770008564
3206.25,0.0227789300367236
3209.375,0.0117346003219485
3212.5,0.00552216485738754
3215.625,0.0103540591076016
3218.75,0.0220886594295502
3221.875,0.0269205536797643
3225,0.0193275770008564
3228.125,0.0241594712510705
3231.25,0.0151859533578157
3234.375,0
3237.5,0.00621243546456098
3240.625,0.0220886594295502
3243.75,0.0338232597514987
3246.875,0.0227789300367236
3250,0.0352038009658456
3253.125,0.0407259658232331
3256.25,0.0372746127873659
3259.375,0.0365843421801925
3262.5,0.0517702955380082
3265.625,0.0310621773228049
3268.75,0.0151859533578157
3271.875,0.012424870929122
3275,0.0048318942502141
3278.125,0.0227789300367236
3281.25,0.048318942502141
3284.375,0.0414162364304066
3287.5,0.0213983888223767
3290.625,0.0234692006438971
3293.75,0.0365843421801925
3296.875,0.0283010948941112
3300,0.0289913655012846
3303.125,0.0269205536797643
3306.25,0.0276108242869377
3309.375,0.0407259658232331
3312.5,0.0365843421801925
3315.625,0.00690270607173443
3318.75,0.0352038009658456
3321.875,0.0427967776447535
3325,0.0248497418582439
3328.125,0.0172567651793361
3331.25,0.029681636108458
3334.375,0.0324427185371518
3337.5,0.0200178476080298
3340.625,0.0144956827506423
3343.75,0.0262302830725908
3346.875,0.0144956827506423
3350,0.0213983888223767
3353.125,0.0379648833945394
3356.25,0.0317524479299784
3359.375,0.018637306393683
3362.5,0.0103540591076016
3365.625,0.0289913655012846
3368.75,0.0434870482519269
3371.875,0.0414162364304066
3375,0.0255400124654174
3378.125,0.0303719067156315
3381.25,0.0372746127873659
3384.375,0.0269205536797643
3387.5,0.0207081182152033
3390.625,0.00345135303586721
3393.75,0.0131151415362954
3396.875,0.0151859533578157
3400,0.00690270607173443
3403.125,0.0207081182152033
3406.25,0.0131151415362954
3409.375,0.018637306393683
3412.5,0.0441773188591003
3415.625,0.048318942502141
3418.75,0.0352038009658456
3421.875,0.0151859533578157
3425,0.012424870929122
3428.125,0.0193275770008564
3431.25,0.0386551540017128
3434.375,0.0476286718949675
3437.5,0.0455578600734472
3440.625,0.04210650703758
3443.75,0.0510800249308348
3446.875,0.0393454246088862
3450,0.0234692006438971
3453.125,0.0407259658232331
3456.25,0.0338232597514987
3459.375,0.00345135303586721
3462.5,0.0200178476080298
3465.625,0.0372746127873659
3468.75,0.0635048958599567
3471.875,0.0510800249308348
3475,0.0193275770008564
3478.125,0.0738589549675584
3481.25,0.0918059907540679
3484.375,0.0641951664671302
3487.5,0.00207081182152033
3490.625,0.0490092131093144
3493.75,0.0462481306806207
3496.875,0.029681636108458
3500,0.029681636108458
3503.125,0.0400356952160597
3506.25,0.0117346003219485
3509.375,0.0200178476080298
3512.5,0.0262302830725908
3515.625,0.0448675894662738
3518.75,0.0283010948941112
3521.875,0.0352038009658456
3525,0.0200178476080298
3528.125,0.0379648833945394
3531.25,0.0338232597514987
3534.375,0.0158762239649892
3537.5,0.035894071573019
3540.625,0.0559119191810489
3543.75,0.0365843421801925
3546.875,0.0165664945721626
3550,0.00897351789325476
3553.125,0.0096637885004282
3556.25,0.0193275770008564
3559.375,0.0338232597514987
3562.5,0.0496994837164879
3565.625,0.0386551540017128
3568.75,0.0248497418582439
3571.875,0.00690270607173443
3575,0.0151859533578157
3578.125,0.0200178476080298
3581.25,0.0593632722169161
3584.375,0.0938768025755882
3587.5,0.0786908492177725
3590.625,0.0407259658232331
3593.75,0.078000578610599
3596.875,0.120797356255352
3600,0.0973281556114554
3603.125,0.0234692006438971
3606.25,0.0759297667890787
3609.375,0.0924962613612413
3612.5,0.0566021897882223
3615.625,0.00828324728608131
3618.75,0.0704076019316912
3621.875,0.0973281556114554
3625,0.0752394961819053
3628.125,0.04210650703758
3631.25,0.114584920790792
3634.375,0.131151415362954
3637.5,0.0945670731827617
3640.625,0.0766200373962522
3643.75,0.0821422022536397
3646.875,0.0372746127873659
3650,0.0289913655012846
3653.125,0.0655757076814771
3656.25,0.0745492255747318
3659.375,0.0897351789325476
3662.5,0.112514108969271
3665.625,0.100779508647323
3668.75,0.0621243546456099
3671.875,0.0786908492177725
3675,0.0710978725388646
3678.125,0.0262302830725908
3681.25,0.100089238040149
3684.375,0.118036273826659
3687.5,0.103540591076016
3690.625,0.109753026540577
3693.75,0.0918059907540679
3696.875,0.105611402897537
3700,0.145647098113596
3703.125,0.12631952111274
3706.25,0.120797356255352
3709.375,0.140815203863382
3712.5,0.071788143146038
3715.625,0.0614340840384364
3718.75,0.123558438684046
3721.875,0.0731686843603849
3725,0.0352038009658456
3728.125,0.0593632722169161
3731.25,0.0807616610392928
3734.375,0.120797356255352
3737.5,0.154620616006851
3740.625,0.139434662649035
3743.75,0.132531956577301
3746.875,0.149098451149464
3750,0.12839033293426
3753.125,0.0593632722169161
3756.25,0.0151859533578157
3759.375,0.0952573437899351
3762.5,0.271276348619163
3765.625,0.253329312832654
3768.75,0.137363850827515
3771.875,0.0821422022536397
3775,0.0918059907540679
3778.125,0.0572924603953958
3781.25,0.0303719067156315
3784.375,0.0828324728608131
3787.5,0.071788143146038
3790.625,0.0172567651793361
3793.75,0.0641951664671302
3796.875,0.0911157201468945
3800,0.0490092131093144
3803.125,0.0138054121434689
3806.25,0.0276108242869377
3809.375,0.0317524479299784
3812.5,0.0987086968258023
3815.625,0.142886015684903
3818.75,0.0973281556114554
3821.875,0.0103540591076016
3825,0.0807616610392928
3828.125,0.0973281556114554
3831.25,0.08421301407516
3834.375,0.0745492255747318
3837.5,0.060743813431263
3840.625,0.00759297667890787
3843.75,0.0600535428240895
3846.875,0.0973281556114554
3850,0.0621243546456099
3853.125,0.0365843421801925
3856.25,0.10630167350471
3859.375,0.113204379576445
3862.5,0.0745492255747318
3865.625,0.054531377966702
3868.75,0.0441773188591003
3871.875,0.048318942502141
3875,0.08421301407516
3878.125,0.0683367901101708
3881.25,0.0131151415362954
3884.375,0.0427967776447535
3887.5,0.0559119191810489
3890.625,0.0352038009658456
3893.75,0.066956248895824
3896.875,0.117346003219485
3900,0.125629250505567
3903.125,0.0786908492177725
3906.25,0.0835227434679866
3909.375,0.0924962613612413
3912.5,0.0455578600734472
3915.625,0.0331329891443253
3918.75,0.0138054121434689
3921.875,0.0648854370743036
3925,0.105611402897537
3928.125,0.096637885004282
3931.25,0.0676465195029974
3934.375,0.0572924603953958
3937.5,0.0648854370743036
3940.625,0.0572924603953958
3943.75,0.0648854370743036
3946.875,0.071788143146038
3950,0.08421301407516
3953.125,0.115965462005138
3956.25,0.116655732612312
3959.375,0.0462481306806207
3962.5,0.0786908492177725
3965.625,0.127700062327087
3968.75,0.0876643671110272
3971.875,0.0793811198249459
3975,0.135293039005995
3978.125,0.155310886614025
3981.25,0.147717909935117
3984.375,0.0641951664671302
3987.5,0.00621243546456098
3990.625,0.100089238040149
3993.75,0.152549804185331
3996.875,0.122177897469699
4000,0.0883546377182007
4003.125,0.0324427185371518
4006.25,0.0579827310025692
4009.375,0.176019004829228
4012.5,0.242284983117878
4015.625,0.145647098113596
4018.75,0.0352038009658456
4021.875,0.103540591076016
4025,0.133222227184474
4028.125,0.066956248895824
4031.25,0.0144956827506423
4034.375,0.0352038009658456
4037.5,0.0517702955380082
4040.625,0.0869740965038538
4043.75,0.127700062327087
4046.875,0.125629250505567
4050,0.0324427185371518
4053.125,0.117346003219485
4056.25,0.192585499401391
4059.375,0.138744392041862
4062.5,0.10216004986167
4065.625,0.142886015684903
4068.75,0.162213592685759
4071.875,0.171877381186187
4075,0.124938979898393
4078.125,0.147027639327943
4081.25,0.215364429438114
4084.375,0.163594133900106
4087.5,0.0455578600734472
4090.625,0.00621243546456098
4093.75,0.048318942502141
4096.875,0.111823838362098
4100,0.254019583439827
4103.125,0.382409916374087
4106.25,0.337542326907814
4109.375,0.135983309613168
4112.5,0.0938768025755882
4115.625,0.195346581830084
4118.75,0.177399546043575
4121.875,0.131151415362954
4125,0.0766200373962522
4128.125,0.0614340840384364
4131.25,0.0897351789325476
4134.375,0.167735757543147
4137.5,0.22847957097441
4140.625,0.160142780864239
4143.75,0.0593632722169161
4146.875,0.209842264580727
4150,0.262993101333082
4153.125,0.181541169686615
4156.25,0.136673580220342
4159.375,0.103540591076016
4162.5,0.0828324728608131
4165.625,0.0655757076814771
4168.75,0.0614340840384364
4171.875,0.174638463614881
4175,0.16842602815032
4178.125,0.0655757076814771
4181.25,0.0738589549675584
4184.375,0.114584920790792
4187.5,0.106991944111884
4190.625,0.0393454246088862
4193.75,0.0386551540017128
4196.875,0.0600535428240895
4200,0.0455578600734472
4203.125,0.127009791719913
4206.25,0.1663552163288
4209.375,0.218125511866808
4212.5,0.23262119461745
4215.625,0.216054700045288
4218.75,0.18637306393683
4221.875,0.140815203863382
4225,0.151169262970984
4228.125,0.196036852437258
4231.25,0.163594133900106
4234.375,0.113894650183618
4237.5,0.0821422022536397
4240.625,0.0600535428240895
4243.75,0.048318942502141
4246.875,0.160833051471412
4250,0.259541748297214
4253.125,0.256090395261347
4256.25,0.247807147975266
4259.375,0.496994837164879
4262.5,0.570163521525264
4265.625,0.412091552482545
4268.75,0.222957406117022
4271.875,0.160142780864239
4275,0.269205536797643
4278.125,0.349276927229762
4281.25,0.39897641094625
4284.375,0.323046644157171
4287.5,0.260922289511561
4290.625,0.207771452759206
4293.75,0.0918059907540679
4296.875,0.0283010948941112
4300,0.078000578610599
4303.125,0.121487626862526
4306.25,0.131151415362954
4309.375,0.231930924010277
4312.5,0.237453088867664
4315.625,0.285772031369805
4318.75,0.258161207082868
4321.875,0.319595291121304
4325,0.358250445123017
4328.125,0.220886594295502
4331.25,0.332710432657599
4334.375,0.374816939695179
4337.5,0.113894650183618
4340.625,0.171877381186187
4343.75,0.192585499401391
4346.875,0.0828324728608131
4350,0.106991944111884
4353.125,0.240214171296358
4356.25,0.258851477690041
4359.375,0.14426655689925
4362.5,0.392763975481689
4365.625,0.435560753126442
4368.75,0.336161785693467
4371.875,0.120797356255352
4375,0.0849032846823335
4378.125,0.233311465224624
4381.25,0.262993101333082
4384.375,0.0745492255747318
4387.5,0.151169262970984
4390.625,0.122868168076873
4393.75,0.331329891443253
4396.875,0.564641356667876
4400,0.399666681553423
4403.125,0.0324427185371518
4406.25,0.221576864902675
4409.375,0.256090395261347
4412.5,0.191204958187044
4415.625,0.439702376769483
4418.75,0.511490519915521
4421.875,0.265754183761775
4425,0.323046644157171
4428.125,0.496304566557705
4431.25,0.321666102942824
4434.375,0.142195745077729
4437.5,0.42313588219732
4440.625,0.331329891443253
4443.75,0.307860690799355
4446.875,0.238143359474838
4450,0.247116877368093
4453.125,0.48318942502141
4456.25,0.396215328517556
4459.375,0.349967197836936
4462.5,0.889758812646568
4465.625,1.02712266347408
4468.75,0.46317157741338
4471.875,0.162903863292932
4475,0.238143359474838
4478.125,0.0662659782886505
4481.25,0.434870482519269
4484.375,0.583278663061559
4487.5,0.35686990390867
4490.625,0.526676473273337
4493.75,0.412091552482545
4496.875,0.195346581830084
4500,0.207771452759206
4503.125,0.369294774837792
4506.25,0.842820411358774
4509.375,1.18312382069528
4512.5,2.66582508490384
4515.625,3.2256345473215
4518.75,1.40953257984817
4521.875,1.23627465744764
4525,0.481808883807063
4528.125,0.425896964626014
4531.25,0.31269258504957
4534.375,0.482499154414237
4537.5,0.357560174515843
4540.625,0.196727123044431
4543.75,0.199488205473125
4546.875,0.140124933256209
4550,0.31476339687109
4553.125,0.498375378379226
4556.25,0.476976989556849
4559.375,0.281630407726765
4562.5,0.22847957097441
4565.625,0.383790457588434
4568.75,0.520464037808776
4571.875,0.516322414165735
4575,0.367914233623445
4578.125,0.463861848020554
4581.25,0.324427185371518
4584.375,0.159452510257065
4587.5,0.490092131093144
4590.625,0.407949928839505
4593.75,0.189824416972697
4596.875,0.429348317661881
4600,0.519083496594429
4603.125,0.388622351838648
4606.25,0.287152572584152
4609.375,0.1663552163288
4612.5,0.104921132290363
4615.625,0.322356373549998
4618.75,0.262993101333082
4621.875,0.120107085648179
4625,0.191204958187044
4628.125,0.178089816650748
4631.25,0.213293617616594
4634.375,0.247116877368093
4637.5,0.409330470053852
4640.625,0.505968355058134
4643.75,0.425896964626014
4646.875,0.320975832335651
4650,0.300267714120448
4653.125,0.27265688983351
4656.25,0.175328734222054
4659.375,0.317524479299784
4662.5,0.332710432657599
4665.625,0.472145095306635
4668.75,0.314073126263916
4671.875,0.0414162364304066
4675,0.412781823089719
4678.125,0.541862426631153
4681.25,0.222267135509849
4684.375,0.129770874148607
4687.5,0.112514108969271
4690.625,0.0552216485738754
4693.75,0.35894071573019
4696.875,0.317524479299784
4700,0.198797934865952
4703.125,0.469384012877941
4706.25,0.583278663061559
4709.375,0.56533162727505
4712.5,0.500446190200746
4715.625,0.262993101333082
4718.75,0.0835227434679866
4721.875,0.286462301976979
4725,0.573614874561131
4728.125,0.458339683163166
4731.25,0.0931865319684148
4734.375,0.48111861319989
4737.5,0.528747285094857
4740.625,0.293365008048713
4743.75,0.167045486935973
4746.875,0.245046065546572
4750,0.453507788912952
4753.125,0.409330470053852
4756.25,0.0586730016097426
4759.375,2.09359075155705
4762.5,3.43478654129505
4765.625,1.80160628472269
4768.75,1.1513713727653
4771.875,1.00365346283019
4775,0.664040324100852
4778.125,0.0593632722169161
4781.25,0.255400124654174
4784.375,0.457649412555993
4787.5,0.483879695628583
4790.625,0.390693163660169
4793.75,0.20846172336638
4796.875,0.405879117017984
4800,0.400356952160597
4803.125,0.300267714120448
4806.25,0.606747863705456
4809.375,0.618482464027405
4812.5,0.276798513476551
4815.625,0.145647098113596
4818.75,0.332710432657599
4821.875,0.918059907540679
4825,0.939458296363056
4828.125,0.361011527551711
4831.25,0.591561910347641
4834.375,0.747563067568839
4837.5,0.558428921203315
4840.625,0.102850320468843
4843.75,0.155310886614025
4846.875,0.0151859533578157
4850,0.0531508367523551
4853.125,0.249187689189613
4856.25,0.52736674388051
4859.375,0.654376535600424
4862.5,0.626765711313486
4865.625,0.616411652205884
4868.75,0.541862426631153
4871.875,0.372055857266486
4875,0.3768877515167
4878.125,0.245736336153746
4881.25,0.0752394961819053
4884.375,0.471454824699461
4887.5,0.615721381598711
4890.625,0.557738650596142
4893.75,0.512871061129868
4896.875,0.474906177735329
4900,0.325807726585865
4903.125,0.321666102942824
4906.25,0.454888330127299
4909.375,0.361011527551711
4912.5,0.12631952111274
4915.625,0.0628146252527833
4918.75,0.153930345399678
4921.875,0.289913655012846
4925,0.350657468444109
4928.125,0.325807726585865
4931.25,0.392763975481689
4934.375,0.283010948941112
4937.5,0.27265688983351
4940.625,0.383100186981261
4943.75,0.202939558508992
4946.875,0.0110443297147751
4950,0.078000578610599
4953.125,0.0945670731827617
4956.25,0.119416815041006
4959.375,0.0690270607173443
4962.5,0.333400703264773
4965.625,0.436251023733616
4968.75,0.213293617616594
4971.875,0.0724784137532115
4975,0.120797356255352
4978.125,0.189824416972697
4981.25,0.227099029760063
4984.375,0.171187110579014
4987.5,0.389312622445822
4990.625,0.106991944111884
4993.75,0.245046065546572
4996.875,0.347896386015415
5000,0.342374221158028
5003.125,0.327878538407385
5006.25,0.229860112188756
5009.375,0.537720802988112
5012.5,1.29080603541434
5015.625,0.802094445535541
5018.75,0.354108821479976
5021.875,0.265063913154602
5025,0.0800713904321194
5028.125,0.0517702955380082
5031.25,0.225718488545716
5034.375,0.285772031369805
5037.5,0.365843421801925
5040.625,0.365153151194751
5043.75,0.217435241259634
5046.875,0.202939558508992
5050,0.174638463614881
5053.125,0.0862838258966804
5056.25,0.187753605151176
5059.375,0.222957406117022
5062.5,0.191204958187044
5065.625,0.138054121434689
5068.75,0.135983309613168
5071.875,0.262993101333082
5075,0.354108821479976
5078.125,0.181541169686615
5081.25,0.0462481306806207
5084.375,0.153930345399678
5087.5,0.153240074792504
5090.625,0.121487626862526
5093.75,0.0338232597514987
5096.875,0.0503897543236613
5100,0.096637885004282
5103.125,0.0835227434679866
5106.25,0.0676465195029974
5109.375,0.180160628472269
5112.5,0.218125511866808
5115.625,0.137363850827515
5118.75,0.195346581830084
5121.875,0.220196323688328
5125,0.244355794939399
5128.125,0.20846172336638
5131.25,0.12631952111274
5134.375,0.132531956577301
5137.5,0.111823838362098
5140.625,0.258161207082868
5143.75,0.211913076402247
5146.875,0.0110443297147751
5150,0.12631952111274
5153.125,0.137363850827515
5156.25,0.161523322078586
5159.375,0.183611981508136
5162.5,0.171187110579014
5165.625,0.256090395261347
5168.75,0.262993101333082
5171.875,0.185682793329656
5175,0.196036852437258
5178.125,0.187753605151176
5181.25,0.191204958187044
5184.375,0.169806569364667
5187.5,0.192585499401391
5190.625,0.218125511866808
5193.75,0.200178476080298
5196.875,0.203629829116166
5200,0.157381698435545
5203.125,0.0441773188591003
5206.25,0.078000578610599
5209.375,0.0490092131093144
5212.5,0.048318942502141
5215.625,0.0365843421801925
5218.75,0.0538411073595285
5221.875,0.10216004986167
5225,0.199488205473125
5228.125,0.154620616006851
5231.25,0.0352038009658456
5234.375,0.103540591076016
5237.5,0.111133567754924
5240.625,0.0938768025755882
5243.75,0.0655757076814771
5246.875,0.0855935552895069
5250,0.176019004829228
5253.125,0.141505474470556
5256.25,0.109753026540577
5259.375,0.202249287901819
5262.5,0.117346003219485
5265.625,0.147027639327943
5268.75,0.0980184262186289
5271.875,0.106991944111884
5275,0.122177897469699
5278.125,0.164974675114453
5281.25,0.0835227434679866
5284.375,0.160142780864239
5287.5,0.139434662649035
5290.625,0.0317524479299784
5293.75,0.0738589549675584
5296.875,0.0993989674329758
5300,0.0807616610392928
5303.125,0.131151415362954
5306.25,0.151859533578157
5309.375,0.171877381186187
5312.5,0.14633736872077
5315.625,0.0621243546456099
5318.75,0.08421301407516
5321.875,0.12839033293426
5325,0.0579827310025692
5328.125,0.0987086968258023
5331.25,0.178780087257922
5334.375,0.142195745077729
5337.5,0.12839033293426
5340.625,0.1663552163288
5343.75,0.175328734222054
5346.875,0.161523322078586
5350,0.143576286292076
5353.125,0.10423086168319
5356.25,0.0490092131093144
5359.375,0.110443297147751
5362.5,0.140815203863382
5365.625,0.0890449083253741
5368.75,0.0269205536797643
5371.875,0.066956248895824
5375,0.0158762239649892
5378.125,0.0345135303586721
5381.25,0.0414162364304066
5384.375,0.0400356952160597
5387.5,0.111133567754924
5390.625,0.135293039005995
5393.75,0.0704076019316912
5396.875,0.0496994837164879
5400,0.10423086168319
5403.125,0.171187110579014
5406.25,0.187063334544003
5409.375,0.0924962613612413
5412.5,0.0745492255747318
5415.625,0.119416815041006
5418.75,0.0648854370743036
5421.875,0.0144956827506423
5425,0.0517702955380082
5428.125,0.048318942502141
5431.25,0.0614340840384364
5434.375,0.0897351789325476
5437.5,0.101469779254496
5440.625,0.0572924603953958
5443.75,0.0289913655012846
5446.875,0.0269205536797643
5450,0.012424870929122
5453.125,0.0427967776447535
5456.25,0.0324427185371518
5459.375,0.0151859533578157
5462.5,0.0427967776447535
5465.625,0.029681636108458
5468.75,0.0193275770008564
5471.875,0.00552216485738754
5475,0.0579827310025692
5478.125,0.10216004986167
5481.25,0.115965462005138
5484.375,0.0469384012877941
5487.5,0.0621243546456099
5490.625,0.078000578610599
5493.75,0.0924962613612413
5496.875,0.152549804185331
5500,0.149098451149464
5503.125,0.0648854370743036
5506.25,0.0641951664671302
5509.375,0.109753026540577
5512.5,0.0662659782886505
5515.625,0.0793811198249459
5518.75,0.164284404507279
5521.875,0.141505474470556
5525,0.0704076019316912
5528.125,0.100779508647323
5531.25,0.107682214719057
5534.375,0.0524605661451817
5537.5,0.0434870482519269
5540.625,0.0559119191810489
5543.75,0.0289913655012846
5546.875,0.0262302830725908
5550,0.0379648833945394
5553.125,0.0710978725388646
5556.25,0.0890449083253741
5559.375,0.0517702955380082
5562.5,0.0786908492177725
5565.625,0.096637885004282
5568.75,0.0918059907540679
5571.875,0.08421301407516
5575,0.090425449539721
5578.125,0.0821422022536397
5581.25,0.0303719067156315
5584.375,0.0352038009658456
5587.5,0.0938768025755882
5590.625,0.107682214719057
5593.75,0.0697173313245177
5596.875,0.0655757076814771
5600,0.0952573437899351
5603.125,0.0745492255747318
5606.25,0.0379648833945394
5609.375,0.0234692006438971
5612.5,0.0345135303586721
5615.625,0.0918059907540679
5618.75,0.0973281556114554
5621.875,0.060743813431263
5625,0.0855935552895069
5628.125,0.0973281556114554
5631.25,0.0835227434679866
5634.375,0.0655757076814771
5637.5,0.0345135303586721
5640.625,0.0572924603953958
5643.75,0.0621243546456099
5646.875,0.0441773188591003
5650,0.0400356952160597
5653.125,0.0289913655012846
5656.25,0.0628146252527833
5659.375,0.0600535428240895
5662.5,0.0869740965038538
5665.625,0.147027639327943
5668.75,0.131841685970128
5671.875,0.0704076019316912
5675,0.0862838258966804
5678.125,0.119416815041006
5681.25,0.0883546377182007
5684.375,0.0593632722169161
5687.5,0.0559119191810489
5690.625,0.0283010948941112
5693.75,0.0241594712510705
5696.875,0.0559119191810489
5700,0.0407259658232331
5703.125,0.0096637885004282
5706.25,0.00552216485738754
5709.375,0.0338232597514987
5712.5,0.0552216485738754
5715.625,0.0614340840384364
5718.75,0.0469384012877941
5721.875,0.0814519316464662
5725,0.122177897469699
5728.125,0.0924962613612413
5731.25,0.0559119191810489
5734.375,0.0552216485738754
5737.5,0.054531377966702
5740.625,0.0455578600734472
5743.75,0.0503897543236613
5746.875,0.0193275770008564
5750,0.0579827310025692
5753.125,0.0641951664671302
5756.25,0.0821422022536397
5759.375,0.08421301407516
5762.5,0.0317524479299784
5765.625,0.0821422022536397
5768.75,0.121487626862526
5771.875,0.0510800249308348
5775,0.0317524479299784
5778.125,0.0559119191810489
5781.25,0.0745492255747318
5784.375,0.0759297667890787
5787.5,0.096637885004282
5790.625,0.0821422022536397
5793.75,0.066956248895824
5796.875,0.0572924603953958
5800,0.0448675894662738
5803.125,0.0648854370743036
5806.25,0.0490092131093144
5809.375,0.0103540591076016
5812.5,0.0393454246088862
5815.625,0.0710978725388646
5818.75,0.0793811198249459
5821.875,0.0572924603953958
5825,0.0690270607173443
5828.125,0.0786908492177725
5831.25,0.0855935552895069
5834.375,0.066956248895824
5837.5,0.054531377966702
5840.625,0.0773103080034256
5843.75,0.0849032846823335
5846.875,0.054531377966702
5850,0.0324427185371518
5853.125,0.0317524479299784
5856.25,0.0338232597514987
5859.375,0.0248497418582439
5862.5,0.0207081182152033
5865.625,0.0248497418582439
5868.75,0.0262302830725908
5871.875,0.0234692006438971
5875,0.0400356952160597
5878.125,0.0496994837164879
5881.25,0.0559119191810489
5884.375,0.054531377966702
5887.5,0.0490092131093144
5890.625,0.0524605661451817
5893.75,0.0510800249308348
5896.875,0.0310621773228049
5900,0.029681636108458
5903.125,0.0476286718949675
5906.25,0.0352038009658456
5909.375,0.0193275770008564
5912.5,0.0248497418582439
5915.625,0.0352038009658456
5918.75,0.0455578600734472
5921.875,0.0338232597514987
5925,0.0365843421801925
5928.125,0.0538411073595285
5931.25,0.060743813431263
5934.375,0.0559119191810489
5937.5,0.0427967776447535
5940.625,0.0849032846823335
5943.75,0.0745492255747318
5946.875,0.0193275770008564
5950,0.0324427185371518
5953.125,0.035894071573019
5956.25,0.0255400124654174
5959.375,0.0407259658232331
5962.5,0.0897351789325476
5965.625,0.113894650183618
5968.75,0.0876643671110272
5971.875,0.0745492255747318
5975,0.0918059907540679
5978.125,0.102850320468843
5981.25,0.0676465195029974
5984.375,0.0559119191810489
5987.5,0.0752394961819053
5990.625,0.0531508367523551
5993.75,0.0241594712510705
5996.875,0.0352038009658456
6000,0.0531508367523551
6003.125,0.0759297667890787
6006.25,0.0697173313245177
6009.375,0.0600535428240895
6012.5,0.0241594712510705
6015.625,0.0538411073595285
6018.75,0.0959476143971085
6021.875,0.0572924603953958
6025,0.0448675894662738
6028.125,0.0593632722169161
6031.25,0.0255400124654174
6034.375,0.0172567651793361
6037.5,0.0365843421801925
6040.625,0.0331329891443253
6043.75,0.0158762239649892
6046.875,0.0600535428240895
6050,0.0641951664671302
6053.125,0.029681636108458
6056.25,0.0103540591076016
6059.375,0.0248497418582439
6062.5,0.0303719067156315
6065.625,0.0324427185371518
6068.75,0.0310621773228049
6071.875,0.0234692006438971
6075,0.0593632722169161
6078.125,0.0897351789325476
6081.25,0.0704076019316912
6084.375,0.0207081182152033
6087.5,0.0151859533578157
6090.625,0.0248497418582439
6093.75,0.0172567651793361
6096.875,0.0269205536797643
6100,0.0352038009658456
6103.125,0.0151859533578157
6106.25,0.0338232597514987
6109.375,0.0352038009658456
6112.5,0.0179470357865095
6115.625,0.00828324728608131
6118.75,0.0138054121434689
6121.875,0.0331329891443253
6125,0.0207081182152033
6128.125,0.0310621773228049
6131.25,0.0248497418582439
6134.375,0.0255400124654174
6137.5,0.0303719067156315
6140.625,0.0352038009658456
6143.75,0.0227789300367236
6146.875,0.00690270607173443
6150,0.0234692006438971
6153.125,0.029681636108458
6156.25,0.00345135303586721
6159.375,0.0276108242869377
6162.5,0.0262302830725908
6165.625,0.012424870929122
6168.75,0.0289913655012846
6171.875,0.0379648833945394
6175,0.0207081182152033
6178.125,0.0379648833945394
6181.25,0.04210650703758
6184.375,0.018637306393683
6187.5,0.0179470357865095
6190.625,0.0289913655012846
6193.75,0.0269205536797643
6196.875,0.0338232597514987
6200,0.0283010948941112
6203.125,0.035894071573019
6206.25,0.0310621773228049
6209.375,0.0324427185371518
6212.5,0.060743813431263
6215.625,0.0641951664671302
6218.75,0.029681636108458
6221.875,0.0179470357865095
6225,0.0407259658232331
6228.125,0.0566021897882223
6231.25,0.0434870482519269
6234.375,0.0386551540017128
6237.5,0.0434870482519269
6240.625,0.0469384012877941
6243.75,0.035894071573019
6246.875,0.0207081182152033
6250,0.0193275770008564
6253.125,0.0151859533578157
6256.25,0.00414162364304066
6259.375,0.0138054121434689
6262.5,0.0144956827506423
6265.625,0.0303719067156315
6268.75,0.0407259658232331
6271.875,0.0773103080034256
6275,0.0207081182152033
6278.125,0.0372746127873659
6281.25,0.0048318942502141
6284.375,0.0255400124654174
6287.5,0.00690270607173443
6290.625,0.0248497418582439
6293.75,0.0434870482519269
6296.875,0.04210650703758
6300,0.0600535428240895
6303.125,0.0338232597514987
6306.25,0.0193275770008564
6309.375,0.0138054121434689
6312.5,0.00207081182152033
6315.625,0.0248497418582439
6318.75,0.0324427185371518
6321.875,0.0131151415362954
6325,0.0496994837164879
6328.125,0.0352038009658456
6331.25,0.029681636108458
6334.375,0.0200178476080298
6337.5,0.00207081182152033
6340.625,0.00690270607173443
6343.75,0.0158762239649892
6346.875,0.0331329891443253
6350,0.0427967776447535
6353.125,0.0283010948941112
6356.25,0.0276108242869377
6359.375,0.0193275770008564
6362.5,0.00276108242869377
6365.625,0.0172567651793361
6368.75,0.0131151415362954
6371.875,0.00690270607173443
6375,0.0117346003219485
6378.125,0.00690270607173443
6381.25,0.00621243546456098
6384.375,0.00897351789325476
6387.5,0.0234692006438971
6390.625,0.0365843421801925
6393.75,0.0241594712510705
6396.875,0.0165664945721626
6400,0.0158762239649892
6403.125,0.0207081182152033
6406.25,0.0117346003219485
6409.375,0.00414162364304066
6412.5,0.0103540591076016
6415.625,0.0248497418582439
6418.75,0.018637306393683
6421.875,0.00552216485738754
6425,0.0096637885004282
6428.125,0.0131151415362954
6431.25,0.0213983888223767
6434.375,0.0138054121434689
6437.5,0.00207081182152033
6440.625,0.00552216485738754
6443.75,0.0096637885004282
6446.875,0.0372746127873659
6450,0.0510800249308348
6453.125,0.0227789300367236
6456.25,0.0255400124654174
6459.375,0.0414162364304066
6462.5,0.0317524479299784
6465.625,0.0144956827506423
6468.75,0.0269205536797643
6471.875,0.0455578600734472
6475,0.0524605661451817
6478.125,0.0379648833945394
6481.25,0.0248497418582439
6484.375,0.0414162364304066
6487.5,0.0400356952160597
6490.625,0.0324427185371518
6493.75,0.0427967776447535
6496.875,0.029681636108458
6500,0.029681636108458
6503.125,0.0365843421801925
6506.25,0.0379648833945394
6509.375,0.0200178476080298
6512.5,0.0213983888223767
6515.625,0.035894071573019
6518.75,0.0835227434679866
6521.875,0.0655757076814771
6525,0.0200178476080298
6528.125,0.0220886594295502
6531.25,0.048318942502141
6534.375,0.029681636108458
6537.5,0.029681636108458
6540.625,0.0234692006438971
6543.75,0.0165664945721626
6546.875,0.0352038009658456
6550,0.0310621773228049
6553.125,0.0207081182152033
6556.25,0.0283010948941112
6559.375,0.054531377966702
6562.5,0.0448675894662738
6565.625,0.0248497418582439
6568.75,0.0172567651793361
6571.875,0.0151859533578157
6575,0.0213983888223767
6578.125,0.0117346003219485
6581.25,0.0144956827506423
6584.375,0.0117346003219485
6587.5,0.0179470357865095
6590.625,0.0324427185371518
6593.75,0.0207081182152033
6596.875,0.00621243546456098
6600,0.0131151415362954
6603.125,0.018637306393683
6606.25,0.00552216485738754
6609.375,0.0158762239649892
6612.5,0.0110443297147751
6615.625,0.0379648833945394
6618.75,0.035894071573019
6621.875,0.0262302830725908
6625,0.0158762239649892
6628.125,0.0096637885004282
6631.25,0.0255400124654174
6634.375,0.0317524479299784
6637.5,0.0262302830725908
6640.625,0.0241594712510705
6643.75,0.00345135303586721
6646.875,0.00690270607173443
6650,0.0110443297147751
6653.125,0.0345135303586721
6656.25,0.0448675894662738
6659.375,0.035894071573019
6662.5,0.0289913655012846
6665.625,0.0241594712510705
6668.75,0.0110443297147751
6671.875,0.0220886594295502
6675,0.0303719067156315
6678.125,0.0276108242869377
6681.25,0.00552216485738754
6684.375,0.0048318942502141
6687.5,0.0144956827506423
6690.625,0.0165664945721626
6693.75,0.0144956827506423
6696.875,0.0241594712510705
6700,0.00828324728608131
6703.125,0.0172567651793361
6706.25,0.0372746127873659
6709.375,0.0455578600734472
6712.5,0.0345135303586721
6715.625,0.0283010948941112
6718.75,0.0165664945721626
6721.875,0.0179470357865095
6725,0.0172567651793361
6728.125,0.00414162364304066
6731.25,0.0213983888223767
6734.375,0.0227789300367236
6737.5,0.00828324728608131
6740.625,0.0193275770008564
6743.75,0.0241594712510705
6746.875,0.0766200373962522
6750,0.0959476143971085
6753.125,0.078000578610599
6756.25,0.0821422022536397
6759.375,0.123558438684046
6762.5,0.131151415362954
6765.625,0.12424870929122
6768.75,0.0876643671110272
6771.875,0.0503897543236613
6775,0.0331329891443253
6778.125,0.0441773188591003
6781.25,0.0103540591076016
6784.375,0.0441773188591003
6787.5,0.0559119191810489
6790.625,0.0517702955380082
6793.75,0.0490092131093144
6796.875,0.0441773188591003
6800,0.0683367901101708
6803.125,0.0441773188591003
6806.25,0.0283010948941112
6809.375,0.0110443297147751
6812.5,0.00207081182152033
6815.625,0.0283010948941112
6818.75,0.0572924603953958
6821.875,0.0614340840384364
6825,0.0434870482519269
6828.125,0.04210650703758
6831.25,0.0310621773228049
6834.375,0.0241594712510705
6837.5,0.0635048958599567
6840.625,0.0476286718949675
6843.75,0.0255400124654174
6846.875,0.0317524479299784
6850,0.0524605661451817
6853.125,0.060743813431263
6856.25,0.0345135303586721
6859.375,0.0262302830725908
6862.5,0.0455578600734472
6865.625,0.066956248895824
6868.75,0.0517702955380082
6871.875,0.0262302830725908
6875,0.0255400124654174
6878.125,0.0131151415362954
6881.25,0.0200178476080298
6884.375,0.0144956827506423
6887.5,0.0276108242869377
6890.625,0.00759297667890787
6893.75,0.0103540591076016
6896.875,0.0331329891443253
6900,0.0628146252527833
6903.125,0.0455578600734472
6906.25,0.0138054121434689
6909.375,0.0241594712510705
6912.5,0.0393454246088862
6915.625,0.0241594712510705
6918.75,0.0255400124654174
6921.875,0.0172567651793361
6925,0.0220886594295502
6928.125,0.00828324728608131
6931.25,0.0131151415362954
6934.375,0.0131151415362954
6937.5,0.0138054121434689
6940.625,0.0393454246088862
6943.75,0.0200178476080298
6946.875,0.0207081182152033
6950,0.0207081182152033
6953.125,0.012424870929122
6956.25,0.0566021897882223
6959.375,0.0614340840384364
6962.5,0.0289913655012846
6965.625,0.0255400124654174
6968.75,0.0538411073595285
6971.875,0.04210650703758
6975,0.0289913655012846
6978.125,0.0655757076814771
6981.25,0.08421301407516
6984.375,0.0759297667890787
6987.5,0.0455578600734472
6990.625,0.0200178476080298
6993.75,0.0510800249308348
6996.875,0.066956248895824
7000,0.0372746127873659
7003.125,0.04210650703758
7006.25,0.102850320468843
7009.375,0.0987086968258023
7012.5,0.0704076019316912
7015.625,0.0807616610392928
7018.75,0.12839033293426
7021.875,0.0614340840384364
7025,0.153240074792504
7028.125,0.0724784137532115
7031.25,0.0814519316464662
7034.375,0.14840818054229
7037.5,0.0897351789325476
7040.625,0.0469384012877941
7043.75,0.0386551540017128
7046.875,0.012424870929122
7050,0.0262302830725908
7053.125,0.0614340840384364
7056.25,0.101469779254496
7059.375,0.0628146252527833
7062.5,0.018637306393683
7065.625,0.0200178476080298
7068.75,0.0241594712510705
7071.875,0.0096637885004282
7075,0.0490092131093144
7078.125,0.0441773188591003
7081.25,0.0407259658232331
7084.375,0.0510800249308348
7087.5,0.0690270607173443
7090.625,0.0635048958599567
7093.75,0.0352038009658456
7096.875,0.0676465195029974
7100,0.122868168076873
7103.125,0.10423086168319
7106.25,0.0213983888223767
7109.375,0.0227789300367236
7112.5,0.0400356952160597
7115.625,0.0503897543236613
7118.75,0.035894071573019
7121.875,0.00897351789325476
7125,0.0144956827506423
7128.125,0.0207081182152033
7131.25,0.0269205536797643
7134.375,0.0262302830725908
7137.5,0.012424870929122
7140.625,0.0144956827506423
7143.75,0.00828324728608131
7146.875,0.0317524479299784
7150,0.0600535428240895
7153.125,0.0628146252527833
7156.25,0.0524605661451817
7159.375,0.0434870482519269
7162.5,0.0400356952160597
7165.625,0.0635048958599567
7168.75,0.0759297667890787
7171.875,0.0821422022536397
7175,0.0704076019316912
7178.125,0.0303719067156315
7181.25,0.0517702955380082
7184.375,0.0697173313245177
7187.5,0.0407259658232331
7190.625,0.0117346003219485
7193.75,0.0538411073595285
7196.875,0.0538411073595285
7200,0.035894071573019
7203.125,0.0414162364304066
7206.25,0.0490092131093144
7209.375,0.0600535428240895
7212.5,0.0683367901101708
7215.625,0.0641951664671302
7218.75,0.0496994837164879
7221.875,0.0234692006438971
7225,0.0193275770008564
7228.125,0.066956248895824
7231.25,0.0849032846823335
7234.375,0.0614340840384364
7237.5,0.054531377966702
7240.625,0.0773103080034256
7243.75,0.0662659782886505
7246.875,0.0393454246088862
7250,0.0393454246088862
7253.125,0.0503897543236613
7256.25,0.0510800249308348
7259.375,0.0566021897882223
7262.5,0.0641951664671302
7265.625,0.0552216485738754
7268.75,0.0566021897882223
7271.875,0.131841685970128
7275,0.127700062327087
7278.125,0.100089238040149
7281.25,0.0731686843603849
7284.375,0.054531377966702
7287.5,0.0262302830725908
7290.625,0.060743813431263
7293.75,0.0579827310025692
7296.875,0.0738589549675584
7300,0.0255400124654174
7303.125,0.0635048958599567
7306.25,0.0496994837164879
7309.375,0.0213983888223767
7312.5,0.018637306393683
7315.625,0.0289913655012846
7318.75,0.0255400124654174
7321.875,0.0386551540017128
7325,0.0559119191810489
7328.125,0.0600535428240895
7331.25,0.060743813431263
7334.375,0.0952573437899351
7337.5,0.10630167350471
7340.625,0.0579827310025692
7343.75,0.0724784137532115
7346.875,0.108372485326231
7350,0.0883546377182007
7353.125,0.0338232597514987
7356.25,0.0352038009658456
7359.375,0.060743813431263
7362.5,0.0462481306806207
7365.625,0.0096637885004282
7368.75,0.0531508367523551
7371.875,0.0883546377182007
7375,0.0911157201468945
7378.125,0.0641951664671302
7381.25,0.0103540591076016
7384.375,0.0227789300367236
7387.5,0.0503897543236613
7390.625,0.0462481306806207
7393.75,0.0503897543236613
7396.875,0.0676465195029974
7400,0.0552216485738754
7403.125,0.0200178476080298
7406.25,0.0386551540017128
7409.375,0.0414162364304066
7412.5,0.0496994837164879
7415.625,0.0683367901101708
7418.75,0.0635048958599567
7421.875,0.0490092131093144
7425,0.018637306393683
7428.125,0.0697173313245177
7431.25,0.138054121434689
7434.375,0.130461144755781
7437.5,0.0531508367523551
7440.625,0.0566021897882223
7443.75,0.0828324728608131
7446.875,0.0973281556114554
7450,0.0710978725388646
7453.125,0.0345135303586721
7456.25,0.0469384012877941
7459.375,0.066956248895824
7462.5,0.0614340840384364
7465.625,0.029681636108458
7468.75,0.0262302830725908
7471.875,0.0641951664671302
7475,0.0924962613612413
7478.125,0.0690270607173443
7481.25,0.0310621773228049
7484.375,0.0455578600734472
7487.5,0.0579827310025692
7490.625,0.029681636108458
7493.75,0.0131151415362954
7496.875,0.0697173313245177
7500,0.0883546377182007
7503.125,0.0945670731827617
7506.25,0.090425449539721
7509.375,0.0614340840384364
7512.5,0.0455578600734472
7515.625,0.110443297147751
7518.75,0.129770874148607
7521.875,0.124938979898393
7525,0.150478992363811
7528.125,0.121487626862526
7531.25,0.101469779254496
7534.375,0.0414162364304066
7537.5,0.0600535428240895
7540.625,0.0952573437899351
7543.75,0.105611402897537
7546.875,0.0752394961819053
7550,0.0600535428240895
7553.125,0.0234692006438971
7556.25,0.0572924603953958
7559.375,0.0697173313245177
7562.5,0.0759297667890787
7565.625,0.0510800249308348
7568.75,0.0635048958599567
7571.875,0.151169262970984
7575,0.194656311222911
7578.125,0.169806569364667
7581.25,0.0883546377182007
7584.375,0.123558438684046
7587.5,0.147027639327943
7590.625,0.113894650183618
7593.75,0.0517702955380082
7596.875,0.0628146252527833
7600,0.0945670731827617
7603.125,0.04210650703758
7606.25,0.0303719067156315
7609.375,0.0621243546456099
7612.5,0.0745492255747318
7615.625,0.0579827310025692
7618.75,0.0800713904321194
7621.875,0.0980184262186289
7625,0.0945670731827617
7628.125,0.0441773188591003
7631.25,0.0662659782886505
7634.375,0.108372485326231
7637.5,0.0980184262186289
7640.625,0.0579827310025692
7643.75,0.018637306393683
7646.875,0.0655757076814771
7650,0.0766200373962522
7653.125,0.054531377966702
7656.25,0.0393454246088862
7659.375,0.00828324728608131
7662.5,0.0352038009658456
7665.625,0.066956248895824
7668.75,0.0635048958599567
7671.875,0.0490092131093144
7675,0.0766200373962522
7678.125,0.0814519316464662
7681.25,0.0690270607173443
7684.375,0.0593632722169161
7687.5,0.0621243546456099
7690.625,0.0414162364304066
7693.75,0.048318942502141
7696.875,0.0683367901101708
7700,0.0538411073595285
7703.125,0.0338232597514987
7706.25,0.0800713904321194
7709.375,0.0821422022536397
7712.5,0.0400356952160597
7715.625,0.0876643671110272
7718.75,0.116655732612312
7721.875,0.0628146252527833
7725,0.0331329891443253
7728.125,0.0566021897882223
7731.25,0.0324427185371518
7734.375,0.0538411073595285
7737.5,0.0697173313245177
7740.625,0.0510800249308348
7743.75,0.0731686843603849
7746.875,0.111823838362098
7750,0.113894650183618
7753.125,0.119416815041006
7756.25,0.0807616610392928
7759.375,0.0241594712510705
7762.5,0.101469779254496
7765.625,0.127700062327087
7768.75,0.0793811198249459
7771.875,0.0227789300367236
7775,0.035894071573019
7778.125,0.0352038009658456
7781.25,0.0138054121434689
7784.375,0.0379648833945394
7787.5,0.029681636108458
7790.625,0.0510800249308348
7793.75,0.029681636108458
7796.875,0.0538411073595285
7800,0.0662659782886505
7803.125,0.0434870482519269
7806.25,0.0110443297147751
7809.375,0.0683367901101708
7812.5,0.100779508647323
7815.625,0.0628146252527833
7818.75,0.0324427185371518
7821.875,0.0710978725388646
7825,0.0814519316464662
7828.125,0.0773103080034256
7831.25,0.0876643671110272
7834.375,0.0952573437899351
7837.5,0.0973281556114554
7840.625,0.102850320468843
7843.75,0.0855935552895069
7846.875,0.04210650703758
7850,0.0331329891443253
7853.125,0.0352038009658456
7856.25,0.0248497418582439
7859.375,0.0635048958599567
7862.5,0.118036273826659
7865.625,0.130461144755781
7868.75,0.0952573437899351
7871.875,0.0676465195029974
7875,0.0103540591076016
7878.125,0.0683367901101708
7881.25,0.10630167350471
7884.375,0.0683367901101708
7887.5,0.054531377966702
7890.625,0.0517702955380082
7893.75,0.0179470357865095
7896.875,0.0855935552895069
7900,0.0911157201468945
7903.125,0.0586730016097426
7906.25,0.0773103080034256
7909.375,0.0683367901101708
7912.5,0.029681636108458
7915.625,0.071788143146038
7918.75,0.0883546377182007
7921.875,0.109753026540577
7925,0.112514108969271
7928.125,0.113894650183618
7931.25,0.122177897469699
7934.375,0.120107085648179
7937.5,0.0959476143971085
7940.625,0.0697173313245177
7943.75,0.078000578610599
7946.875,0.0786908492177725
7950,0.0303719067156315
7953.125,0.0248497418582439
7956.25,0.0310621773228049
7959.375,0.0227789300367236
7962.5,0.0524605661451817
7965.625,0.0731686843603849
7968.75,0.0835227434679866
7971.875,0.0849032846823335
7975,0.0993989674329758
7978.125,0.0952573437899351
7981.25,0.0317524479299784
7984.375,0.0538411073595285
7987.5,0.104921132290363
7990.625,0.17049683997184
7993.75,0.17049683997184
7996.875,0.115275191397965
8000,0.0676465195029974
8003.125,0.0628146252527833
8006.25,0.0310621773228049
8009.375,0.0207081182152033
8012.5,0.018637306393683
8015.625,0.0172567651793361
8018.75,0.0510800249308348
8021.875,0.0697173313245177
8025,0.0400356952160597
8028.125,0.147027639327943
8031.25,0.096637885004282
8034.375,0.0248497418582439
8037.5,0.0641951664671302
8040.625,0.0773103080034256
8043.75,0.129770874148607
8046.875,0.124938979898393
8050,0.0345135303586721
8053.125,0.0517702955380082
8056.25,0.0835227434679866
8059.375,0.110443297147751
8062.5,0.115965462005138
8065.625,0.0276108242869377
8068.75,0.229860112188756
8071.875,0.33478124447912
8075,0.235382277046144
8078.125,0.112514108969271
8081.25,0.227099029760063
8084.375,0.217435241259634
8087.5,0.123558438684046
8090.625,0.140124933256209
8093.75,0.165664945721626
8096.875,0.110443297147751
8100,0.0987086968258023
8103.125,0.151169262970984
8106.25,0.0987086968258023
8109.375,0.060743813431263
8112.5,0.142886015684903
8115.625,0.111823838362098
8118.75,0.0531508367523551
8121.875,0.109062755933404
8125,0.078000578610599
8128.125,0.0662659782886505
8131.25,0.0455578600734472
8134.375,0.0490092131093144
8137.5,0.149788721756637
8140.625,0.140815203863382
8143.75,0.0697173313245177
8146.875,0.0579827310025692
8150,0.0862838258966804
8153.125,0.153930345399678
8156.25,0.199488205473125
8159.375,0.193966040615737
8162.5,0.220886594295502
8165.625,0.213293617616594
8168.75,0.158762239649892
8171.875,0.169116298757493
8175,0.127009791719913
8178.125,0.0441773188591003
8181.25,0.0427967776447535
8184.375,0.0600535428240895
8187.5,0.0931865319684148
8190.625,0.107682214719057
8193.75,0.0552216485738754
8196.875,0.0179470357865095
8200,0.0303719067156315
8203.125,0.0496994837164879
8206.25,0.0724784137532115
8209.375,0.140815203863382
8212.5,0.207081182152033
8215.625,0.1663552163288
8218.75,0.0635048958599567
8221.875,0.119416815041006
8225,0.0635048958599567
8228.125,0.121487626862526
8231.25,0.282320678333938
8234.375,0.249877959796786
8237.5,0.143576286292076
8240.625,0.251258501011133
8243.75,0.29474554926306
8246.875,0.171187110579014
8250,0.135293039005995
8253.125,0.175328734222054
8256.25,0.136673580220342
8259.375,0.278869325298071
8262.5,0.339613138729334
8265.625,0.216054700045288
8268.75,0.090425449539721
8271.875,0.19051468757987
8275,0.163594133900106
8278.125,0.130461144755781
8281.25,0.229860112188756
8284.375,0.173948193007708
8287.5,0.0227789300367236
8290.625,0.0635048958599567
8293.75,0.0876643671110272
8296.875,0.0538411073595285
8300,0.121487626862526
8303.125,0.19051468757987
8306.25,0.133912497791648
8309.375,0.0213983888223767
8312.5,0.197417393651605
8315.625,0.323736914764345
8318.75,0.29681636108458
8321.875,0.229169841581583
8325,0.245046065546572
8328.125,0.167735757543147
8331.25,0.029681636108458
8334.375,0.14633736872077
8337.5,0.185682793329656
8340.625,0.227099029760063
8343.75,0.275417972262204
8346.875,0.147717909935117
8350,0.163594133900106
8353.125,0.391383434267342
8356.25,0.365153151194751
8359.375,0.196036852437258
8362.5,0.164974675114453
8365.625,0.12631952111274
8368.75,0.0200178476080298
8371.875,0.158762239649892
8375,0.231240653403103
8378.125,0.304409337763488
8381.25,0.274037431047857
8384.375,0.189824416972697
8387.5,0.180850899079442
8390.625,0.174638463614881
8393.75,0.0303719067156315
8396.875,0.158762239649892
8400,0.17049683997184
8403.125,0.0496994837164879
8406.25,0.223647676724195
8409.375,0.312002314442396
8412.5,0.18637306393683
8415.625,0.0662659782886505
8418.75,0.090425449539721
8421.875,0.0531508367523551
8425,0.189134146365523
8428.125,0.14840818054229
8431.25,0.0538411073595285
8434.375,0.143576286292076
8437.5,0.0234692006438971
8440.625,0.169116298757493
8443.75,0.206390911544859
8446.875,0.18637306393683
8450,0.21260334700942
8453.125,0.158071969042718
8456.25,0.155310886614025
8459.375,0.223647676724195
8462.5,0.244355794939399
8465.625,0.113894650183618
8468.75,0.12839033293426
8471.875,0.2105325351879
8475,0.12424870929122
8478.125,0.14426655689925
8481.25,0.215364429438114
8484.375,0.0759297667890787
8487.5,0.256780665868521
8490.625,0.474906177735329
8493.75,0.503897543236613
8496.875,0.327188267800212
8500,0.0407259658232331
8503.125,0.207081182152033
8506.25,0.167735757543147
8509.375,0.0745492255747318
8512.5,0.184302252115309
8515.625,0.120107085648179
8518.75,0.0317524479299784
8521.875,0.135293039005995
8525,0.304409337763488
8528.125,0.355489362694323
8531.25,0.276798513476551
8534.375,0.211913076402247
8537.5,0.258161207082868
8540.625,0.296126090477407
8543.75,0.336161785693467
8546.875,0.268515266190469
8550,0.157381698435545
8553.125,0.0890449083253741
8556.25,0.288533113798499
8559.375,0.358250445123017
8562.5,0.303028796549141
8565.625,0.280940137119591
8568.75,0.320285561728478
8571.875,0.218815782473981
8575,0.0738589549675584
8578.125,0.130461144755781
8581.25,0.294055278655887
8584.375,0.412781823089719
8587.5,0.386551540017128
8590.625,0.200868746687472
8593.75,0.145647098113596
8596.875,0.134602768398821
8600,0.108372485326231
8603.125,0.304409337763488
8606.25,0.304409337763488
8609.375,0.200178476080298
8612.5,0.153930345399678
8615.625,0.0448675894662738
8618.75,0.27265688983351
8621.875,0.3768877515167
8625,0.249877959796786
8628.125,0.118726544433832
8631.25,0.160833051471412
8634.375,0.0641951664671302
8637.5,0.159452510257065
8640.625,0.325117455978692
8643.75,0.345135303586721
8646.875,0.227099029760063
8650,0.173948193007708
8653.125,0.23055038279593
8656.25,0.25056823040396
8659.375,0.147717909935117
8662.5,0.0704076019316912
8665.625,0.184992522722483
8668.75,0.161523322078586
8671.875,0.207081182152033
8675,0.294055278655887
8678.125,0.290603925620019
8681.25,0.18637306393683
8684.375,0.109062755933404
8687.5,0.149098451149464
8690.625,0.0793811198249459
8693.75,0.10423086168319
8696.875,0.16842602815032
8700,0.0752394961819053
8703.125,0.249187689189613
8706.25,0.291294196227193
8709.375,0.265063913154602
8712.5,0.324427185371518
8715.625,0.0704076019316912
8718.75,0.340993679943681
8721.875,0.336161785693467
8725,0.0641951664671302
8728.125,0.539101344202459
8731.25,0.650925182564557
8734.375,0.407259658232331
8737.5,0.378268292731047
8740.625,0.444534271019697
8743.75,0.308550961406529
8746.875,0.180850899079442
8750,0.37895856333822
8753.125,0.3768877515167
8756.25,0.127009791719913
8759.375,0.206390911544859
8762.5,0.308550961406529
8765.625,0.224337947331369
8768.75,0.31683420869261
8771.875,0.35894071573019
8775,0.449366165269911
8778.125,0.246426606760919
8781.25,0.510800249308348
8784.375,0.340303409336507
8787.5,0.62952679374218
8790.625,0.592252180954814
8793.75,0.209151993973553
8796.875,0.456959141948819
8800,0.6315976055637
8803.125,0.623314358277619
8806.25,0.546004050274193
8809.375,0.393454246088862
8812.5,0.125629250505567
8815.625,0.105611402897537
8818.75,0.223647676724195
8821.875,0.312002314442396
8825,0.346515844801068
8828.125,0.360321256944537
8831.25,0.325807726585865
8834.375,0.2105325351879
8837.5,0.352038009658456
8840.625,0.67163330077976
8843.75,0.648854370743036
8846.875,0.276798513476551
8850,0.275417972262204
8853.125,0.496304566557705
8856.25,0.40104722276777
8859.375,0.452127247698605
8862.5,0.582588392454386
8865.625,0.402427763982117
8868.75,0.202249287901819
8871.875,0.33685205630064
8875,0.512180790522695
8878.125,0.619863005241752
8881.25,0.447295353448391
8884.375,0.172567651793361
8887.5,0.420374799768627
8890.625,0.386551540017128
8893.75,0.0897351789325476
8896.875,0.287842843191326
8900,0.443844000412524
8903.125,0.559809462417662
8906.25,0.362392068766057
8909.375,0.202249287901819
8912.5,0.476976989556849
8915.625,0.0531508367523551
8918.75,0.508729437486827
8921.875,0.582588392454386
8925,0.365153151194751
8928.125,0.110443297147751
8931.25,0.237453088867664
8934.375,0.46317157741338
8937.5,0.56947325091809
8940.625,0.541862426631153
8943.75,0.259541748297214
8946.875,0.156691427828372
8950,0.255400124654174
8953.125,0.267134724976122
8956.25,0.214674158830941
8959.375,0.211913076402247
8962.5,0.506658625665307
8965.625,0.508039166879654
8968.75,0.158071969042718
8971.875,0.207771452759206
8975,0.333400703264773
8978.125,0.459029953770339
8981.25,0.573614874561131
8984.375,0.598464616419375
8987.5,0.644022476492822
8990.625,0.646783558921516
8993.75,0.632287876170874
8996.875,0.455578600734472
9000,0.347896386015415
9003.125,0.220196323688328
9006.25,0.176019004829228
9009.375,0.245046065546572
9012.5,0.118036273826659
9015.625,0.278179054690897
9018.75,0.340993679943681
9021.875,0.20846172336638
9025,0.431419129483402
9028.125,0.512871061129868
9031.25,0.362392068766057
9034.375,0.544623509059846
9037.5,0.90425449539721
9040.625,0.54945540331006
9043.75,0.307170420192182
9046.875,0.373436398480833
9050,0.343754762372375
9053.125,0.164284404507279
9056.25,0.071788143146038
9059.375,0.100779508647323
9062.5,0.164974675114453
9065.625,0.25263904222548
9068.75,0.18844387575835
9071.875,0.178780087257922
9075,0.31269258504957
9078.125,0.345825574193895
9081.25,0.405879117017984
9084.375,0.542552697238326
9087.5,0.54531377966702
9090.625,0.303028796549141
9093.75,0.04210650703758
9096.875,0.276798513476551
9100,0.291294196227193
9103.125,0.0738589549675584
9106.25,0.327878538407385
9109.375,0.362392068766057
9112.5,0.506658625665307
9115.625,0.633668417385221
9118.75,0.514251602344215
9121.875,0.264373642547429
9125,0.12839033293426
9128.125,0.115275191397965
9131.25,0.177399546043575
9134.375,0.550145673917234
9137.5,0.562570544846356
9140.625,0.359630986337364
9143.75,0.439702376769483
9146.875,0.482499154414237
9150,0.219506053081155
9153.125,0.220886594295502
9156.25,0.50734889627248
9159.375,0.563951086060703
9162.5,0.50113646080792
9165.625,0.285772031369805
9168.75,0.4210650703758
9171.875,0.7979528218925
9175,0.608818675526977
9178.125,0.2105325351879
9181.25,0.397595869731903
9184.375,0.390002893052995
9187.5,0.324427185371518
9190.625,0.405188846410811
9193.75,0.371365586659312
9196.875,0.201559017294645
9200,0.0876643671110272
9203.125,0.0552216485738754
9206.25,0.096637885004282
9209.375,0.14633736872077
9212.5,0.429348317661881
9215.625,0.579827310025692
9218.75,0.475596448342502
9221.875,0.262993101333082
9225,0.245046065546572
9228.125,0.200178476080298
9231.25,0.0441773188591003
9234.375,0.23262119461745
9237.5,0.281630407726765
9240.625,0.201559017294645
9243.75,0.160833051471412
9246.875,0.307860690799355
9250,0.455578600734472
9253.125,0.406569387625158
9256.25,0.229860112188756
9259.375,0.0144956827506423
9262.5,0.258851477690041
9265.625,0.340303409336507
9268.75,0.207771452759206
9271.875,0.138744392041862
9275,0.394834787303209
9278.125,0.347206115408242
9281.25,0.178780087257922
9284.375,0.202939558508992
9287.5,0.376197480909526
9290.625,0.240904441903532
9293.75,0.102850320468843
9296.875,0.124938979898393
9300,0.129080603541434
9303.125,0.153240074792504
9306.25,0.169806569364667
9309.375,0.220196323688328
9312.5,0.307170420192182
9315.625,0.224337947331369
9318.75,0.0496994837164879
9321.875,0.193275770008564
9325,0.21260334700942
9328.125,0.247807147975266
9331.25,0.369294774837792
9334.375,0.300267714120448
9337.5,0.151859533578157
9340.625,0.114584920790792
9343.75,0.115275191397965
9346.875,0.107682214719057
9350,0.0158762239649892
9353.125,0.196036852437258
9356.25,0.266444454368949
9359.375,0.21260334700942
9362.5,0.203629829116166
9365.625,0.151169262970984
9368.75,0.133912497791648
9371.875,0.193275770008564
9375,0.399666681553423
9378.125,0.429348317661881
9381.25,0.353418550872803
9384.375,0.317524479299784
9387.5,0.323736914764345
9390.625,0.122177897469699
9393.75,0.131841685970128
9396.875,0.213983888223767
9400,0.0676465195029974
9403.125,0.147027639327943
9406.25,0.207771452759206
9409.375,0.160142780864239
9412.5,0.149788721756637
9415.625,0.145647098113596
9418.75,0.16842602815032
9421.875,0.181541169686615
9425,0.199488205473125
9428.125,0.164284404507279
9431.25,0.0503897543236613
9434.375,0.0697173313245177
9437.5,0.0407259658232331
9440.625,0.10423086168319
9443.75,0.199488205473125
9446.875,0.221576864902675
9450,0.244355794939399
9453.125,0.27058607801199
9456.25,0.255400124654174
9459.375,0.183611981508136
9462.5,0.265754183761775
9465.625,0.37895856333822
9468.75,0.207771452759206
9471.875,0.137363850827515
9475,0.243665524332225
9478.125,0.206390911544859
9481.25,0.281630407726765
9484.375,0.238833630082011
9487.5,0.0697173313245177
9490.625,0.112514108969271
9493.75,0.120107085648179
9496.875,0.131151415362954
9500,0.0724784137532115
9503.125,0.130461144755781
9506.25,0.242975253725052
9509.375,0.209842264580727
9512.5,0.164284404507279
9515.625,0.120797356255352
9518.75,0.0918059907540679
9521.875,0.198107664258778
9525,0.129770874148607
9528.125,0.261612560118735
9531.25,0.400356952160597
9534.375,0.184992522722483
9537.5,0.10216004986167
9540.625,0.101469779254496
9543.75,0.10423086168319
9546.875,0.234001735831797
9550,0.256780665868521
9553.125,0.196727123044431
9556.25,0.0524605661451817
9559.375,0.119416815041006
9562.5,0.263683371940255
9565.625,0.410020740661025
9568.75,0.420374799768627
9571.875,0.299577443513274
9575,0.247807147975266
9578.125,0.21260334700942
9581.25,0.138744392041862
9584.375,0.0676465195029974
9587.5,0.156001157221198
9590.625,0.245046065546572
9593.75,0.198107664258778
9596.875,0.125629250505567
9600,0.206390911544859
9603.125,0.149788721756637
9606.25,0.0697173313245177
9609.375,0.120797356255352
9612.5,0.184992522722483
9615.625,0.18844387575835
9618.75,0.169116298757493
9621.875,0.183611981508136
9625,0.236072547653317
9628.125,0.238143359474838
9631.25,0.161523322078586
9634.375,0.147717909935117
9637.5,0.133222227184474
9640.625,0.109753026540577
9643.75,0.106991944111884
9646.875,0.25263904222548
9650,0.229860112188756
9653.125,0.0683367901101708
9656.25,0.180160628472269
9659.375,0.288533113798499
9662.5,0.31683420869261
9665.625,0.283010948941112
9668.75,0.144956827506423
9671.875,0.0814519316464662
9675,0.0110443297147751
9678.125,0.0552216485738754
9681.25,0.191895228794217
9684.375,0.364462880587578
9687.5,0.31683420869261
9690.625,0.234001735831797
9693.75,0.281630407726765
9696.875,0.264373642547429
9700,0.209842264580727
9703.125,0.116655732612312
9706.25,0.0697173313245177
9709.375,0.0566021897882223
9712.5,0.156691427828372
9715.625,0.202939558508992
9718.75,0.123558438684046
9721.875,0.184992522722483
9725,0.280940137119591
9728.125,0.309241232013702
9731.25,0.249187689189613
9734.375,0.149098451149464
9737.5,0.0324427185371518
9740.625,0.0869740965038538
9743.75,0.135983309613168
9746.875,0.137363850827515
9750,0.129080603541434
9753.125,0.153240074792504
9756.25,0.149788721756637
9759.375,0.144956827506423
9762.5,0.167045486935973
9765.625,0.202249287901819
9768.75,0.25056823040396
9771.875,0.37895856333822
9775,0.419684529161453
9778.125,0.29474554926306
9781.25,0.0938768025755882
9784.375,0.0379648833945394
9787.5,0.177399546043575
9790.625,0.183611981508136
9793.75,0.138054121434689
9796.875,0.163594133900106
9800,0.237453088867664
9803.125,0.323046644157171
9806.25,0.316143938085437
9809.375,0.247116877368093
9812.5,0.192585499401391
9815.625,0.0710978725388646
9818.75,0.0800713904321194
9821.875,0.0745492255747318
9825,0.173948193007708
9828.125,0.198107664258778
9831.25,0.129080603541434
9834.375,0.0710978725388646
9837.5,0.0752394961819053
9840.625,0.0662659782886505
9843.75,0.0462481306806207
9846.875,0.0918059907540679
9850,0.0345135303586721
9853.125,0.0614340840384364
9856.25,0.0945670731827617
9859.375,0.0469384012877941
9862.5,0.066956248895824
9865.625,0.131841685970128
9868.75,0.0655757076814771
9871.875,0.0255400124654174
9875,0.0738589549675584
9878.125,0.147027639327943
9881.25,0.104921132290363
9884.375,0.0641951664671302
9887.5,0.153930345399678
9890.625,0.108372485326231
9893.75,0.0531508367523551
9896.875,0.0386551540017128
9900,0.0317524479299784
9903.125,0.0773103080034256
9906.25,0.119416815041006
9909.375,0.102850320468843
9912.5,0.103540591076016
9915.625,0.139434662649035
9918.75,0.133912497791648
9921.875,0.0593632722169161
9925,0.0117346003219485
9928.125,0.0441773188591003
9931.25,0.0310621773228049
9934.375,0.110443297147751
9937.5,0.0503897543236613
9940.625,0.0648854370743036
9943.75,0.135983309613168
9946.875,0.162903863292932
9950,0.144956827506423
9953.125,0.0352038009658456
9956.25,0.0945670731827617
9959.375,0.112514108969271
9962.5,0.0531508367523551
9965.625,0.0752394961819053
9968.75,0.152549804185331
9971.875,0.140815203863382
9975,0.0579827310025692
9978.125,0.048318942502141
9981.25,0.117346003219485
9984.375,0.140124933256209
9987.5,0.149788721756637
9990.625,0.171187110579014
9993.75,0.169116298757493
9996.875,0.129080603541434
10000,0.0876643671110272
